,entity,code,year,illiteracy_rate,literacy_rate
0,Afghanistan,AFG,1950,97.0,3.0
1,Afghanistan,AFG,1979,81.84,18.16
2,Afghanistan,AFG,2011,68.55,31.45
3,Afghanistan,AFG,2015,66.25,33.75
4,Afghanistan,AFG,2020,63.985035,36.014965
5,Afghanistan,AFG,2021,62.73,37.27
6,Albania,ALB,1950,27.5,72.5
7,Albania,ALB,2001,1.2900009,98.71
8,Albania,ALB,2008,4.0599976,95.94
9,Albania,ALB,2011,3.1500015,96.85
10,Albania,ALB,2012,2.75,97.25
11,Albania,ALB,2017,1.1900024,98.81
12,Albania,ALB,2023,2.3199997,97.68
13,Algeria,DZA,1950,82.5,17.5
14,Algeria,DZA,1987,50.37,49.63
15,Algeria,DZA,2002,30.129997,69.87
16,Algeria,DZA,2006,27.349998,72.65
17,Algeria,DZA,2008,24.86,75.14
18,American Samoa,ASM,1950,3.5,96.5
19,American Samoa,ASM,1980,2.6600037,97.34
20,Andorra,AND,1950,17.5,82.5
21,Angola,AGO,1950,97.0,3.0
22,Angola,AGO,2001,32.589996,67.41
23,Angola,AGO,2014,33.97,66.03
24,Angola,AGO,2015,33.760002,66.24
25,Angola,AGO,2023,31.82,68.18
26,Anguilla,AIA,1984,4.5899963,95.41
27,Antigua and Barbuda,ATG,1950,17.5,82.5
28,Antigua and Barbuda,ATG,2001,1.050003,98.95
29,Argentina,ARG,1914,35.1,64.9
30,Argentina,ARG,1947,13.6,86.4
31,Argentina,ARG,1950,12.5,87.5
32,Argentina,ARG,1980,6.0899963,93.91
33,Argentina,ARG,1991,3.959999,96.04
34,Argentina,ARG,2001,2.8099976,97.19
35,Argentina,ARG,2020,0.8600006,99.14
36,Armenia,ARM,1989,1.25,98.75
37,Armenia,ARM,2001,0.5999985,99.4
38,Armenia,ARM,2011,0.26000214,99.74
39,Armenia,ARM,2016,0.26000214,99.74
40,Armenia,ARM,2017,0.26000214,99.74
41,Armenia,ARM,2018,0.0,100.0
42,Armenia,ARM,2019,0.0,100.0
43,Armenia,ARM,2020,0.20999908,99.79
44,Armenia,ARM,2022,0.1800003,99.82
45,Armenia,ARM,2023,0.16000366,99.84
46,Aruba,ABW,2000,2.709999,97.29
47,Aruba,ABW,2010,3.1800003,96.82
48,Australia,AUS,1950,1.5,98.5
49,Austria,AUT,1950,1.5,98.5
50,Azerbaijan,AZE,1999,1.2099991,98.79
51,Azerbaijan,AZE,2007,0.41000366,99.59
52,Azerbaijan,AZE,2009,0.23999786,99.76
53,Azerbaijan,AZE,2010,0.23000336,99.77
54,Azerbaijan,AZE,2011,0.22000122,99.78
55,Azerbaijan,AZE,2012,0.22000122,99.78
56,Azerbaijan,AZE,2013,0.20999908,99.79
57,Azerbaijan,AZE,2014,0.20999908,99.79
58,Azerbaijan,AZE,2015,0.20999908,99.79
59,Azerbaijan,AZE,2016,0.20999908,99.79
60,Azerbaijan,AZE,2017,0.20999908,99.79
61,Azerbaijan,AZE,2019,0.19999695,99.8
62,Azerbaijan,AZE,2023,0.22000122,99.78
63,Bahamas,BHS,1950,22.5,77.5
64,Bahrain,BHR,1950,87.5,12.5
65,Bahrain,BHR,1981,30.25,69.75
66,Bahrain,BHR,1991,15.989998,84.01
67,Bahrain,BHR,2001,13.449997,86.55
68,Bahrain,BHR,2022,2.1299973,97.87
69,Bahrain,BHR,2023,2.1500015,97.85
70,Bahrain,BHR,2024,2.1800003,97.82
71,Bangladesh,BGD,1981,70.770004,29.23
72,Bangladesh,BGD,1991,64.68,35.32
73,Bangladesh,BGD,2001,52.51,47.49
74,Bangladesh,BGD,2011,41.23,58.77
75,Bangladesh,BGD,2012,42.14,57.86
76,Bangladesh,BGD,2013,38.98,61.02
77,Bangladesh,BGD,2014,38.91,61.09
78,Bangladesh,BGD,2015,34.86,65.14
79,Bangladesh,BGD,2016,27.239998,72.76
80,Bangladesh,BGD,2017,27.11,72.89
81,Bangladesh,BGD,2018,26.089996,73.91
82,Bangladesh,BGD,2019,25.32,74.68
83,Bangladesh,BGD,2020,25.089996,74.91
84,Bangladesh,BGD,2021,23.64,76.36
85,Bangladesh,BGD,2022,21.0,79.0
86,Barbados,BRB,1950,7.5,92.5
87,Barbados,BRB,1970,0.73000336,99.27
88,Belarus,BLR,1989,2.1200027,97.88
89,Belarus,BLR,1999,0.41000366,99.59
90,Belarus,BLR,2009,0.37999725,99.62
91,Belarus,BLR,2019,0.12999725,99.87
92,Belgium,BEL,1475,90.0,10.0
93,Belgium,BEL,1550,83.0,17.0
94,Belgium,BEL,1650,75.0,25.0
95,Belgium,BEL,1750,87.0,13.0
96,Belgium,BEL,1900,19.6,80.4
97,Belgium,BEL,1910,13.4,86.6
98,Belgium,BEL,1920,7.8,92.2
99,Belgium,BEL,1930,5.9,94.1
100,Belgium,BEL,1950,3.5,96.5
101,Belize,BLZ,1950,22.5,77.5
102,Belize,BLZ,1991,29.699997,70.3
103,Belize,BLZ,2000,23.099998,76.9
104,Belize,BLZ,2015,9.080002,90.92
105,Belize,BLZ,2022,12.120003,87.88
106,Benin,BEN,1979,83.520004,16.48
107,Benin,BEN,1992,72.75,27.25
108,Benin,BEN,2002,65.34,34.66
109,Benin,BEN,2011,55.31188,44.68812
110,Benin,BEN,2013,54.92,45.08
111,Benin,BEN,2017,61.13,38.87
112,Benin,BEN,2019,51.0,49.0
113,Benin,BEN,2021,56.17,43.83
114,Benin,BEN,2022,48.62,51.38
115,Bermuda,BMU,1950,3.5,96.5
116,Bhutan,BTN,1950,97.0,3.0
117,Bhutan,BTN,2005,47.19,52.81
118,Bhutan,BTN,2012,44.68,55.32
119,Bhutan,BTN,2017,33.440002,66.56
120,Bhutan,BTN,2022,35.089996,64.91
121,Bolivia,BOL,1950,67.5,32.5
122,Bolivia,BOL,1976,36.79,63.21
123,Bolivia,BOL,1992,20.010002,79.99
124,Bolivia,BOL,2001,13.279999,86.72
125,Bolivia,BOL,2007,9.709999,90.29
126,Bolivia,BOL,2008,9.300003,90.7
127,Bolivia,BOL,2009,8.830002,91.17
128,Bolivia,BOL,2011,7.7699966,92.23
129,Bolivia,BOL,2012,5.540001,94.46
130,Bolivia,BOL,2015,7.540001,92.46
131,Bolivia,BOL,2020,6.1500015,93.85
132,Bolivia,BOL,2023,4.449997,95.55
133,Bolivia,BOL,2024,3.2699966,96.73
134,Bosnia and Herzegovina,BIH,1991,10.940002,89.06
135,Bosnia and Herzegovina,BIH,2000,3.3399963,96.66
136,Bosnia and Herzegovina,BIH,2013,3.0100021,96.99
137,Botswana,BWA,1950,77.5,22.5
138,Botswana,BWA,1991,31.419998,68.58
139,Botswana,BWA,2003,18.809998,81.19
140,Brazil,BRA,1900,65.3,34.7
141,Brazil,BRA,1920,64.9,35.1
142,Brazil,BRA,1940,56.1,43.9
143,Brazil,BRA,1950,52.5,47.5
144,Brazil,BRA,1980,25.410004,74.59
145,Brazil,BRA,2000,13.629997,86.37
146,Brazil,BRA,2004,11.379997,88.62
147,Brazil,BRA,2006,10.379997,89.62
148,Brazil,BRA,2007,9.989998,90.01
149,Brazil,BRA,2008,9.959999,90.04
150,Brazil,BRA,2009,9.699997,90.3
151,Brazil,BRA,2010,9.620003,90.38
152,Brazil,BRA,2011,8.589996,91.41
153,Brazil,BRA,2012,8.660004,91.34
154,Brazil,BRA,2013,8.519997,91.48
155,Brazil,BRA,2014,8.269997,91.73
156,Brazil,BRA,2015,7.949997,92.05
157,Brazil,BRA,2016,7.1900024,92.81
158,Brazil,BRA,2017,6.919998,93.08
159,Brazil,BRA,2018,6.7699966,93.23
160,Brazil,BRA,2019,6.107376,93.892624
161,Brazil,BRA,2020,5.2555923,94.74441
162,Brazil,BRA,2021,5.2273865,94.77261
163,Brazil,BRA,2022,5.623131,94.37687
164,Brazil,BRA,2023,5.427452,94.57255
165,Brazil,BRA,2024,5.260002,94.74
166,Brunei,BRN,1950,72.5,27.5
167,Brunei,BRN,1981,22.260002,77.74
168,Brunei,BRN,1991,12.199997,87.8
169,Brunei,BRN,2001,7.330002,92.67
170,Brunei,BRN,2011,3.9100037,96.09
171,Bulgaria,BGR,1900,70.4,29.6
172,Bulgaria,BGR,1905,65.5,34.5
173,Bulgaria,BGR,1910,57.8,42.2
174,Bulgaria,BGR,1920,46.7,53.3
175,Bulgaria,BGR,1926,39.7,60.3
176,Bulgaria,BGR,1934,31.4,68.6
177,Bulgaria,BGR,1950,22.5,77.5
178,Bulgaria,BGR,2001,1.800003,98.2
179,Bulgaria,BGR,2011,1.6500015,98.35
180,Burkina Faso,BFA,1975,91.17,8.83
181,Burkina Faso,BFA,1991,86.43,13.57
182,Burkina Faso,BFA,1996,87.15,12.85
183,Burkina Faso,BFA,2003,78.18,21.82
184,Burkina Faso,BFA,2005,76.479996,23.52
185,Burkina Faso,BFA,2006,77.53,22.47
186,Burkina Faso,BFA,2007,72.12,27.88
187,Burkina Faso,BFA,2014,65.4,34.6
188,Burkina Faso,BFA,2018,60.65,39.35
189,Burkina Faso,BFA,2019,70.34,29.66
190,Burkina Faso,BFA,2021,63.03,36.97
191,Burkina Faso,BFA,2022,59.08,40.92
192,Burkina Faso,BFA,2023,58.432907,41.567093
193,Burundi,BDI,1979,77.49,22.51
194,Burundi,BDI,1990,62.62,37.38
195,Burundi,BDI,2000,40.7,59.3
196,Burundi,BDI,2008,51.92,48.08
197,Burundi,BDI,2014,38.71,61.29
198,Burundi,BDI,2016,34.309998,65.69
199,Burundi,BDI,2017,31.620003,68.38
200,Burundi,BDI,2020,28.662521,71.33748
201,Cambodia,KHM,1950,82.5,17.5
202,Cambodia,KHM,1998,32.660004,67.34
203,Cambodia,KHM,2004,26.39,73.61
204,Cambodia,KHM,2008,23.129997,76.87
205,Cambodia,KHM,2009,23.86,76.14
206,Cambodia,KHM,2013,20.349998,79.65
207,Cambodia,KHM,2014,21.940002,78.06
208,Cambodia,KHM,2015,19.470001,80.53
209,Cambodia,KHM,2019,12.339996,87.66
210,Cambodia,KHM,2020,17.44896,82.55104
211,Cambodia,KHM,2021,28.07,71.93
212,Cameroon,CMR,1950,92.5,7.5
213,Cameroon,CMR,1976,58.78,41.22
214,Cameroon,CMR,2000,31.589996,68.41
215,Cameroon,CMR,2007,29.32,70.68
216,Cameroon,CMR,2010,28.809998,71.19
217,Cameroon,CMR,2018,27.449997,72.55
218,Canada,CAN,1901,17.1,82.9
219,Canada,CAN,1911,11.0,89.0
220,Canada,CAN,1921,5.7,94.3
221,Canada,CAN,1931,4.3,95.7
222,Canada,CAN,1950,2.5,97.5
223,Cape Verde,CPV,1950,77.5,22.5
224,Cape Verde,CPV,1990,37.2,62.8
225,Cape Verde,CPV,2009,17.781044,82.218956
226,Cape Verde,CPV,2012,14.669998,85.33
227,Cape Verde,CPV,2015,13.209999,86.79
228,Cape Verde,CPV,2024,11.529999,88.47
229,Cayman Islands,CYM,2007,1.1299973,98.87
230,Cayman Islands,CYM,2017,1.1299973,98.87
231,Central African Republic,CAF,1950,97.0,3.0
232,Central African Republic,CAF,1975,81.76,18.24
233,Central African Republic,CAF,1988,66.380005,33.62
234,Central African Republic,CAF,2000,49.35,50.65
235,Central African Republic,CAF,2019,57.56,42.44
236,Central and Southern Asia (SDG),,1975,61.36,38.64
237,Central and Southern Asia (SDG),,1976,61.3,38.7
238,Central and Southern Asia (SDG),,1977,60.63,39.37
239,Central and Southern Asia (SDG),,1978,59.96,40.04
240,Central and Southern Asia (SDG),,1979,59.31,40.69
241,Central and Southern Asia (SDG),,1980,58.68,41.32
242,Central and Southern Asia (SDG),,1981,58.08,41.92
243,Central and Southern Asia (SDG),,1982,57.41,42.59
244,Central and Southern Asia (SDG),,1983,56.69,43.31
245,Central and Southern Asia (SDG),,1984,56.03,43.97
246,Central and Southern Asia (SDG),,1985,55.38,44.62
247,Central and Southern Asia (SDG),,1986,54.71,45.29
248,Central and Southern Asia (SDG),,1987,54.05,45.95
249,Central and Southern Asia (SDG),,1988,53.35,46.65
250,Central and Southern Asia (SDG),,1989,52.59,47.41
251,Central and Southern Asia (SDG),,1990,51.61,48.39
252,Central and Southern Asia (SDG),,1991,50.91,49.09
253,Central and Southern Asia (SDG),,1992,49.98,50.02
254,Central and Southern Asia (SDG),,1993,49.05,50.95
255,Central and Southern Asia (SDG),,1994,48.34,51.66
256,Central and Southern Asia (SDG),,1995,47.5,52.5
257,Central and Southern Asia (SDG),,1996,46.7,53.3
258,Central and Southern Asia (SDG),,1997,45.91,54.09
259,Central and Southern Asia (SDG),,1998,41.44,58.56
260,Central and Southern Asia (SDG),,1999,40.67,59.33
261,Central and Southern Asia (SDG),,2000,39.9,60.1
262,Central and Southern Asia (SDG),,2001,39.1,60.9
263,Central and Southern Asia (SDG),,2002,38.29,61.71
264,Central and Southern Asia (SDG),,2003,37.39,62.61
265,Central and Southern Asia (SDG),,2004,36.61,63.39
266,Central and Southern Asia (SDG),,2005,36.71,63.29
267,Central and Southern Asia (SDG),,2006,36.59,63.41
268,Central and Southern Asia (SDG),,2007,35.78,64.22
269,Central and Southern Asia (SDG),,2008,34.75,65.25
270,Central and Southern Asia (SDG),,2009,33.93,66.07
271,Central and Southern Asia (SDG),,2010,31.559998,68.44
272,Central and Southern Asia (SDG),,2011,31.21,68.79
273,Central and Southern Asia (SDG),,2012,31.129997,68.87
274,Central and Southern Asia (SDG),,2013,30.18,69.82
275,Central and Southern Asia (SDG),,2014,29.480003,70.52
276,Central and Southern Asia (SDG),,2015,28.239998,71.76
277,Central and Southern Asia (SDG),,2016,27.010002,72.99
278,Central and Southern Asia (SDG),,2017,26.480003,73.52
279,Central and Southern Asia (SDG),,2018,25.980003,74.02
280,Central and Southern Asia (SDG),,2019,26.129997,73.87
281,Central and Southern Asia (SDG),,2020,25.449997,74.55
282,Central and Southern Asia (SDG),,2021,24.699997,75.3
283,Central and Southern Asia (SDG),,2022,23.919998,76.08
284,Central and Southern Asia (SDG),,2023,23.260002,76.74
285,Central and Southern Asia (SDG),,2024,22.620003,77.38
286,Chad,TCD,1993,89.11,10.89
287,Chad,TCD,2000,74.35,25.65
288,Chad,TCD,2004,71.62,28.38
289,Chad,TCD,2016,77.69,22.31
290,Chad,TCD,2019,69.37,30.63
291,Channel Islands,OWID_CIS,1950,1.5,98.5
292,Chile,CHL,1907,49.9,50.1
293,Chile,CHL,1920,36.9,63.1
294,Chile,CHL,1930,24.4,75.6
295,Chile,CHL,1940,26.4,73.6
296,Chile,CHL,1950,22.5,77.5
297,Chile,CHL,1982,8.870003,91.13
298,Chile,CHL,1992,5.709999,94.29
299,Chile,CHL,2002,4.279999,95.72
300,Chile,CHL,2011,3.300003,96.7
301,Chile,CHL,2013,3.7300034,96.27
302,Chile,CHL,2015,3.1299973,96.87
303,Chile,CHL,2017,3.5999985,96.4
304,China,CHN,1950,52.5,47.5
305,China,CHN,1982,34.489998,65.51
306,China,CHN,1990,22.21,77.79
307,China,CHN,2000,9.080002,90.92
308,China,CHN,2010,4.8799973,95.12
309,China,CHN,2020,3.2600021,96.74
310,Cocos Islands,CCK,1950,82.5,17.5
311,Colombia,COL,1918,57.6,42.4
312,Colombia,COL,1928,48.4,51.6
313,Colombia,COL,1938,44.2,55.8
314,Colombia,COL,1950,47.5,52.5
315,Colombia,COL,1993,8.940002,91.06
316,Colombia,COL,1996,8.790001,91.21
317,Colombia,COL,2004,7.199997,92.8
318,Colombia,COL,2005,7.1500015,92.85
319,Colombia,COL,2006,7.699997,92.3
320,Colombia,COL,2007,7.3499985,92.65
321,Colombia,COL,2008,6.6200027,93.38
322,Colombia,COL,2009,6.760002,93.24
323,Colombia,COL,2010,6.6299973,93.37
324,Colombia,COL,2011,6.419998,93.58
325,Colombia,COL,2014,5.8099976,94.19
326,Colombia,COL,2015,5.75,94.25
327,Colombia,COL,2016,5.3499985,94.65
328,Colombia,COL,2017,5.11261,94.88739
329,Colombia,COL,2018,4.9100037,95.09
330,Colombia,COL,2019,4.75,95.25
331,Colombia,COL,2020,4.3600006,95.64
332,Colombia,COL,2021,4.339348,95.66065
333,Colombia,COL,2022,4.6896896,95.31031
334,Colombia,COL,2023,4.543373,95.45663
335,Colombia,COL,2024,4.6600037,95.34
336,Comoros,COM,1950,77.5,22.5
337,Comoros,COM,1980,52.08,47.92
338,Comoros,COM,2000,31.75,68.25
339,Comoros,COM,2014,26.350502,73.6495
340,Comoros,COM,2021,24.379799,75.6202
341,Congo,COG,1984,40.38,59.62
342,Congo,COG,2005,23.89,76.11
343,Cook Islands,COK,1950,7.5,92.5
344,Costa Rica,CRI,1950,22.5,77.5
345,Costa Rica,CRI,1984,7.3700027,92.63
346,Costa Rica,CRI,2000,5.1299973,94.87
347,Costa Rica,CRI,2011,2.5899963,97.41
348,Cote d'Ivoire,CIV,1988,65.86,34.14
349,Cote d'Ivoire,CIV,1998,63.65,36.35
350,Cote d'Ivoire,CIV,2000,51.26,48.74
351,Cote d'Ivoire,CIV,2014,56.09,43.91
352,Cote d'Ivoire,CIV,2016,49.96,50.04
353,Cote d'Ivoire,CIV,2021,50.0,50.0
354,Croatia,HRV,1991,3.300003,96.7
355,Croatia,HRV,2001,1.8499985,98.15
356,Cuba,CUB,1899,56.9,43.1
357,Cuba,CUB,1907,43.6,56.4
358,Cuba,CUB,1919,38.7,61.3
359,Cuba,CUB,1931,28.2,71.8
360,Cuba,CUB,1943,23.6,76.4
361,Cuba,CUB,1950,22.5,77.5
362,Cuba,CUB,1981,2.1500015,97.85
363,Cuba,CUB,2002,0.19999695,99.8
364,Cuba,CUB,2012,0.33000183,99.67
365,Cuba,CUB,2019,2.3499985,97.65
366,Cyprus,CYP,1950,37.5,62.5
367,Cyprus,CYP,1992,5.6399994,94.36
368,Cyprus,CYP,2001,3.199997,96.8
369,Cyprus,CYP,2011,1.3199997,98.68
370,Czechoslovakia,OWID_CZS,1950,2.5,97.5
371,Democratic Republic of Congo,COD,1950,62.5,37.5
372,Democratic Republic of Congo,COD,2001,32.83,67.17
373,Democratic Republic of Congo,COD,2012,24.980003,75.02
374,Democratic Republic of Congo,COD,2016,22.96,77.04
375,Democratic Republic of Congo,COD,2018,26.449997,73.55
376,Democratic Republic of Congo,COD,2020,34.317123,65.68288
377,Democratic Republic of Congo,COD,2023,31.5,68.5
378,Denmark,DNK,1950,1.5,98.5
379,Djibouti,DJI,1950,97.0,3.0
380,Dominican Republic,DOM,1950,57.5,42.5
381,Dominican Republic,DOM,1981,26.940002,73.06
382,Dominican Republic,DOM,2002,13.0,87.0
383,Dominican Republic,DOM,2007,11.760002,88.24
384,Dominican Republic,DOM,2010,10.459999,89.54
385,Dominican Republic,DOM,2011,9.889999,90.11
386,Dominican Republic,DOM,2012,9.839996,90.16
387,Dominican Republic,DOM,2013,9.139999,90.86
388,Dominican Republic,DOM,2014,8.239998,91.76
389,Dominican Republic,DOM,2015,8.010002,91.99
390,Dominican Republic,DOM,2016,6.220001,93.78
391,Dominican Republic,DOM,2017,6.7667847,93.233215
392,Dominican Republic,DOM,2018,6.563942,93.43606
393,Dominican Republic,DOM,2019,6.3273087,93.67269
394,Dominican Republic,DOM,2020,6.3073654,93.692635
395,Dominican Republic,DOM,2021,6.2690277,93.73097
396,Dominican Republic,DOM,2022,6.29776,93.70224
397,Dominican Republic,DOM,2023,5.687622,94.31238
398,Dominican Republic,DOM,2024,5.970001,94.03
399,East Asia and Pacific (WB),WB_EAP,1976,34.010002,65.99
400,East Asia and Pacific (WB),WB_EAP,1977,33.800003,66.2
401,East Asia and Pacific (WB),WB_EAP,1978,32.71,67.29
402,East Asia and Pacific (WB),WB_EAP,1979,31.480003,68.52
403,East Asia and Pacific (WB),WB_EAP,1980,30.39,69.61
404,East Asia and Pacific (WB),WB_EAP,1981,29.36,70.64
405,East Asia and Pacific (WB),WB_EAP,1982,28.39,71.61
406,East Asia and Pacific (WB),WB_EAP,1983,27.470001,72.53
407,East Asia and Pacific (WB),WB_EAP,1984,26.489998,73.51
408,East Asia and Pacific (WB),WB_EAP,1985,25.57,74.43
409,East Asia and Pacific (WB),WB_EAP,1986,24.739998,75.26
410,East Asia and Pacific (WB),WB_EAP,1987,23.589996,76.41
411,East Asia and Pacific (WB),WB_EAP,1988,19.86,80.14
412,East Asia and Pacific (WB),WB_EAP,1989,19.239998,80.76
413,East Asia and Pacific (WB),WB_EAP,1990,18.669998,81.33
414,East Asia and Pacific (WB),WB_EAP,1991,18.160004,81.84
415,East Asia and Pacific (WB),WB_EAP,1992,17.669998,82.33
416,East Asia and Pacific (WB),WB_EAP,1993,17.230003,82.77
417,East Asia and Pacific (WB),WB_EAP,1994,16.699997,83.3
418,East Asia and Pacific (WB),WB_EAP,1995,16.160004,83.84
419,East Asia and Pacific (WB),WB_EAP,1996,15.699997,84.3
420,East Asia and Pacific (WB),WB_EAP,1997,10.730003,89.27
421,East Asia and Pacific (WB),WB_EAP,1998,10.370003,89.63
422,East Asia and Pacific (WB),WB_EAP,1999,10.050003,89.95
423,East Asia and Pacific (WB),WB_EAP,2000,9.690002,90.31
424,East Asia and Pacific (WB),WB_EAP,2001,9.370003,90.63
425,East Asia and Pacific (WB),WB_EAP,2002,9.019997,90.98
426,East Asia and Pacific (WB),WB_EAP,2003,8.650002,91.35
427,East Asia and Pacific (WB),WB_EAP,2004,8.32,91.68
428,East Asia and Pacific (WB),WB_EAP,2005,7.9800034,92.02
429,East Asia and Pacific (WB),WB_EAP,2006,7.6299973,92.37
430,East Asia and Pacific (WB),WB_EAP,2007,6.489998,93.51
431,East Asia and Pacific (WB),WB_EAP,2008,6.1800003,93.82
432,East Asia and Pacific (WB),WB_EAP,2009,5.9100037,94.09
433,East Asia and Pacific (WB),WB_EAP,2010,5.919998,94.08
434,East Asia and Pacific (WB),WB_EAP,2011,5.699997,94.3
435,East Asia and Pacific (WB),WB_EAP,2012,5.459999,94.54
436,East Asia and Pacific (WB),WB_EAP,2013,5.3799973,94.62
437,East Asia and Pacific (WB),WB_EAP,2014,4.9100037,95.09
438,East Asia and Pacific (WB),WB_EAP,2015,4.699997,95.3
439,East Asia and Pacific (WB),WB_EAP,2016,4.5,95.5
440,East Asia and Pacific (WB),WB_EAP,2017,4.3099976,95.69
441,East Asia and Pacific (WB),WB_EAP,2018,4.2699966,95.73
442,East Asia and Pacific (WB),WB_EAP,2019,4.1299973,95.87
443,East Asia and Pacific (WB),WB_EAP,2020,3.9100037,96.09
444,East Asia and Pacific (WB),WB_EAP,2021,3.7799988,96.22
445,East Asia and Pacific (WB),WB_EAP,2022,3.6399994,96.36
446,East Asia and Pacific (WB),WB_EAP,2023,3.5100021,96.49
447,East Asia and Pacific (WB),WB_EAP,2024,3.3899994,96.61
448,East Timor,TLS,1950,97.0,3.0
449,East Timor,TLS,2001,62.4,37.6
450,East Timor,TLS,2007,49.4,50.6
451,East Timor,TLS,2010,41.69,58.31
452,East Timor,TLS,2015,35.550003,64.45
453,East Timor,TLS,2016,34.22,65.78
454,East Timor,TLS,2022,30.599998,69.4
455,Eastern and South-Eastern Asia (SDG),,1976,34.22,65.78
456,Eastern and South-Eastern Asia (SDG),,1977,34.010002,65.99
457,Eastern and South-Eastern Asia (SDG),,1978,32.910004,67.09
458,Eastern and South-Eastern Asia (SDG),,1979,31.660004,68.34
459,Eastern and South-Eastern Asia (SDG),,1980,30.550003,69.45
460,Eastern and South-Eastern Asia (SDG),,1981,29.5,70.5
461,Eastern and South-Eastern Asia (SDG),,1982,28.529999,71.47
462,Eastern and South-Eastern Asia (SDG),,1983,27.589996,72.41
463,Eastern and South-Eastern Asia (SDG),,1984,26.599998,73.4
464,Eastern and South-Eastern Asia (SDG),,1985,25.660004,74.34
465,Eastern and South-Eastern Asia (SDG),,1986,24.830002,75.17
466,Eastern and South-Eastern Asia (SDG),,1987,23.660004,76.34
467,Eastern and South-Eastern Asia (SDG),,1988,19.870003,80.13
468,Eastern and South-Eastern Asia (SDG),,1989,19.239998,80.76
469,Eastern and South-Eastern Asia (SDG),,1990,18.660004,81.34
470,Eastern and South-Eastern Asia (SDG),,1991,18.14,81.86
471,Eastern and South-Eastern Asia (SDG),,1992,17.650002,82.35
472,Eastern and South-Eastern Asia (SDG),,1993,17.199997,82.8
473,Eastern and South-Eastern Asia (SDG),,1994,16.650002,83.35
474,Eastern and South-Eastern Asia (SDG),,1995,16.11,83.89
475,Eastern and South-Eastern Asia (SDG),,1996,15.650002,84.35
476,Eastern and South-Eastern Asia (SDG),,1997,10.599998,89.4
477,Eastern and South-Eastern Asia (SDG),,1998,10.25,89.75
478,Eastern and South-Eastern Asia (SDG),,1999,9.919998,90.08
479,Eastern and South-Eastern Asia (SDG),,2000,9.559998,90.44
480,Eastern and South-Eastern Asia (SDG),,2001,9.239998,90.76
481,Eastern and South-Eastern Asia (SDG),,2002,8.879997,91.12
482,Eastern and South-Eastern Asia (SDG),,2003,8.510002,91.49
483,Eastern and South-Eastern Asia (SDG),,2004,8.169998,91.83
484,Eastern and South-Eastern Asia (SDG),,2005,7.830002,92.17
485,Eastern and South-Eastern Asia (SDG),,2006,7.4800034,92.52
486,Eastern and South-Eastern Asia (SDG),,2007,6.3199997,93.68
487,Eastern and South-Eastern Asia (SDG),,2008,6.010002,93.99
488,Eastern and South-Eastern Asia (SDG),,2009,5.739998,94.26
489,Eastern and South-Eastern Asia (SDG),,2010,5.75,94.25
490,Eastern and South-Eastern Asia (SDG),,2011,5.5199966,94.48
491,Eastern and South-Eastern Asia (SDG),,2012,5.279999,94.72
492,Eastern and South-Eastern Asia (SDG),,2013,5.199997,94.8
493,Eastern and South-Eastern Asia (SDG),,2014,4.709999,95.29
494,Eastern and South-Eastern Asia (SDG),,2015,4.489998,95.51
495,Eastern and South-Eastern Asia (SDG),,2016,4.290001,95.71
496,Eastern and South-Eastern Asia (SDG),,2017,4.0899963,95.91
497,Eastern and South-Eastern Asia (SDG),,2018,4.040001,95.96
498,Eastern and South-Eastern Asia (SDG),,2019,3.9000015,96.1
499,Eastern and South-Eastern Asia (SDG),,2020,3.6699982,96.33
500,Eastern and South-Eastern Asia (SDG),,2021,3.5299988,96.47
501,Eastern and South-Eastern Asia (SDG),,2022,3.3899994,96.61
502,Eastern and South-Eastern Asia (SDG),,2023,3.2600021,96.74
503,Eastern and South-Eastern Asia (SDG),,2024,3.1299973,96.87
504,Ecuador,ECU,1950,42.5,57.5
505,Ecuador,ECU,1982,16.449997,83.55
506,Ecuador,ECU,1990,11.699997,88.3
507,Ecuador,ECU,2001,9.019997,90.98
508,Ecuador,ECU,2007,7.9000015,92.1
509,Ecuador,ECU,2008,7.6100006,92.39
510,Ecuador,ECU,2009,7.75,92.25
511,Ecuador,ECU,2010,8.150002,91.85
512,Ecuador,ECU,2011,8.410004,91.59
513,Ecuador,ECU,2012,7.9400024,92.06
514,Ecuador,ECU,2013,6.709999,93.29
515,Ecuador,ECU,2014,5.779999,94.22
516,Ecuador,ECU,2015,5.540001,94.46
517,Ecuador,ECU,2016,5.6500015,94.35
518,Ecuador,ECU,2017,7.169998,92.83
519,Ecuador,ECU,2020,6.3700027,93.63
520,Ecuador,ECU,2021,5.5199966,94.48
521,Ecuador,ECU,2022,3.7399979,96.26
522,Ecuador,ECU,2024,6.510002,93.49
523,Egypt,EGY,1907,92.7,7.3
524,Egypt,EGY,1917,91.2,8.8
525,Egypt,EGY,1927,85.9,14.1
526,Egypt,EGY,1937,85.2,14.8
527,Egypt,EGY,1950,77.5,22.5
528,Egypt,EGY,1976,61.8,38.2
529,Egypt,EGY,1986,55.58,44.42
530,Egypt,EGY,1996,44.41,55.59
531,Egypt,EGY,2005,32.67,67.33
532,Egypt,EGY,2006,33.629997,66.37
533,Egypt,EGY,2010,27.949997,72.05
534,Egypt,EGY,2012,26.129997,73.87
535,Egypt,EGY,2013,27.559998,72.44
536,Egypt,EGY,2017,28.830002,71.17
537,Egypt,EGY,2021,17.919617,82.08038
538,Egypt,EGY,2022,20.546837,79.45316
539,El Salvador,SLV,1950,62.5,37.5
540,El Salvador,SLV,1992,25.86,74.14
541,El Salvador,SLV,2006,16.440002,83.56
542,El Salvador,SLV,2007,17.970001,82.03
543,El Salvador,SLV,2008,16.050003,83.95
544,El Salvador,SLV,2009,15.900002,84.1
545,El Salvador,SLV,2010,15.510002,84.49
546,El Salvador,SLV,2011,14.510002,85.49
547,El Salvador,SLV,2012,14.537544,85.462456
548,El Salvador,SLV,2013,13.230003,86.77
549,El Salvador,SLV,2014,12.587463,87.41254
550,El Salvador,SLV,2015,12.029999,87.97
551,El Salvador,SLV,2016,11.860001,88.14
552,El Salvador,SLV,2017,11.519997,88.48
553,El Salvador,SLV,2018,10.989998,89.01
554,El Salvador,SLV,2019,10.860001,89.14
555,El Salvador,SLV,2020,10.019997,89.98
556,El Salvador,SLV,2021,10.941353,89.05865
557,El Salvador,SLV,2022,10.646286,89.353714
558,El Salvador,SLV,2023,10.150002,89.85
559,El Salvador,SLV,2024,10.230003,89.77
560,Equatorial Guinea,GNQ,1950,77.5,22.5
561,Equatorial Guinea,GNQ,2000,11.690002,88.31
562,Eritrea,ERI,1950,97.0,3.0
563,Eritrea,ERI,2002,47.49,52.51
564,Eritrea,ERI,2008,35.339996,64.66
565,Estonia,EST,1989,0.26999664,99.73
566,Estonia,EST,2000,0.23000336,99.77
567,Estonia,EST,2011,0.11000061,99.89
568,Eswatini,SWZ,1950,82.5,17.5
569,Eswatini,SWZ,1976,44.67,55.33
570,Eswatini,SWZ,1986,32.760002,67.24
571,Eswatini,SWZ,2000,18.339996,81.66
572,Eswatini,SWZ,2022,9.25,90.75
573,Ethiopia,ETH,1950,97.0,3.0
574,Ethiopia,ETH,1994,72.99,27.01
575,Ethiopia,ETH,2004,64.1,35.9
576,Ethiopia,ETH,2007,61.0,39.0
577,Ethiopia,ETH,2013,51.645027,48.354973
578,Ethiopia,ETH,2016,52.51,47.49
579,Ethiopia,ETH,2019,44.95,55.05
580,Ethiopia,ETH,2021,45.11463,54.88537
581,Ethiopia,ETH,2022,39.54,60.46
582,Europe and Central Asia (WB),WB_ECA,1994,4.199997,95.8
583,Europe and Central Asia (WB),WB_ECA,1995,4.050003,95.95
584,Europe and Central Asia (WB),WB_ECA,1996,3.8700027,96.13
585,Europe and Central Asia (WB),WB_ECA,1997,3.7399979,96.26
586,Europe and Central Asia (WB),WB_ECA,1998,3.5800018,96.42
587,Europe and Central Asia (WB),WB_ECA,1999,3.459999,96.54
588,Europe and Central Asia (WB),WB_ECA,2000,3.3600006,96.64
589,Europe and Central Asia (WB),WB_ECA,2002,3.0999985,96.9
590,Europe and Central Asia (WB),WB_ECA,2003,3.0100021,96.99
591,Europe and Central Asia (WB),WB_ECA,2004,2.9300003,97.07
592,Europe and Central Asia (WB),WB_ECA,2005,2.8099976,97.19
593,Europe and Central Asia (WB),WB_ECA,2006,2.75,97.25
594,Europe and Central Asia (WB),WB_ECA,2007,2.6699982,97.33
595,Europe and Central Asia (WB),WB_ECA,2008,2.550003,97.45
596,Europe and Central Asia (WB),WB_ECA,2009,2.290001,97.71
597,Europe and Central Asia (WB),WB_ECA,2010,2.1299973,97.87
598,Europe and Central Asia (WB),WB_ECA,2011,1.9800034,98.02
599,Europe and Central Asia (WB),WB_ECA,2012,1.8799973,98.12
600,Europe and Central Asia (WB),WB_ECA,2013,1.8199997,98.18
601,Europe and Central Asia (WB),WB_ECA,2014,1.7799988,98.22
602,Europe and Central Asia (WB),WB_ECA,2015,1.7300034,98.27
603,Europe and Central Asia (WB),WB_ECA,2016,1.6699982,98.33
604,Europe and Central Asia (WB),WB_ECA,2017,1.5899963,98.41
605,Europe and Central Asia (WB),WB_ECA,2018,1.5,98.5
606,Europe and Central Asia (WB),WB_ECA,2019,1.4300003,98.57
607,Europe and Central Asia (WB),WB_ECA,2020,1.3899994,98.61
608,Europe and Central Asia (WB),WB_ECA,2021,1.2600021,98.74
609,Europe and Central Asia (WB),WB_ECA,2022,1.25,98.75
610,Europe and Central Asia (WB),WB_ECA,2023,1.2300034,98.77
611,Europe and Northern America (SDG),,2003,2.0899963,97.91
612,Europe and Northern America (SDG),,2004,2.0299988,97.97
613,Europe and Northern America (SDG),,2005,1.9800034,98.02
614,Europe and Northern America (SDG),,2006,1.9100037,98.09
615,Europe and Northern America (SDG),,2018,1.3799973,98.62
616,Europe and Northern America (SDG),,2019,1.3499985,98.65
617,Europe and Northern America (SDG),,2020,1.3300018,98.67
618,Europe and Northern America (SDG),,2021,1.2200012,98.78
619,Europe and Northern America (SDG),,2022,1.2200012,98.78
620,Falkland Islands,FLK,1950,7.5,92.5
621,Faroe Islands,FRO,1950,1.5,98.5
622,Fiji,FJI,1950,32.5,67.5
623,Finland,FIN,1900,61.2,38.8
624,Finland,FIN,1910,44.7,55.3
625,Finland,FIN,1920,30.1,69.9
626,Finland,FIN,1930,15.9,84.1
627,Finland,FIN,1950,1.5,98.5
628,France,FRA,1475,94.0,6.0
629,France,FRA,1550,81.0,19.0
630,France,FRA,1650,71.0,29.0
631,France,FRA,1750,71.0,29.0
632,France,FRA,1901,16.5,83.5
633,France,FRA,1906,14.1,85.9
634,France,FRA,1911,11.9,88.1
635,France,FRA,1921,8.2,91.8
636,France,FRA,1926,6.1,93.9
637,France,FRA,1931,5.3,94.7
638,France,FRA,1936,4.0,96.0
639,France,FRA,1946,3.4,96.6
640,France,FRA,1950,3.5,96.5
641,French Guiana,GUF,1950,32.5,67.5
642,French Guiana,GUF,1982,17.080002,82.92
643,French Polynesia,PYF,1950,67.5,32.5
644,Gabon,GAB,1993,27.769997,72.23
645,Gabon,GAB,2021,11.139999,88.86
646,Gambia,GMB,1950,92.5,7.5
647,Gambia,GMB,2000,63.18,36.82
648,Gambia,GMB,2015,49.22,50.78
649,Gambia,GMB,2018,46.84,53.16
650,Gambia,GMB,2021,48.36,51.64
651,Georgia,GEO,2002,0.34999847,99.65
652,Georgia,GEO,2014,0.41000366,99.59
653,Georgia,GEO,2017,0.6399994,99.36
654,Georgia,GEO,2018,0.34999847,99.65
655,Georgia,GEO,2019,0.12428284,99.87572
656,Georgia,GEO,2020,0.106933594,99.89307
657,Georgia,GEO,2021,0.08191681,99.91808
658,Georgia,GEO,2022,0.4300003,99.57
659,Georgia,GEO,2023,0.44000244,99.56
660,Georgia,GEO,2024,0.3199997,99.68
661,Germany,DEU,1475,91.0,9.0
662,Germany,DEU,1550,84.0,16.0
663,Germany,DEU,1650,69.0,31.0
664,Germany,DEU,1750,62.0,38.0
665,Germany,DEU,1950,1.5,98.5
666,Ghana,GHA,1950,77.5,22.5
667,Ghana,GHA,2000,42.1,57.9
668,Ghana,GHA,2010,28.5,71.5
669,Ghana,GHA,2015,39.801895,60.198105
670,Ghana,GHA,2017,35.510002,64.49
671,Ghana,GHA,2021,23.510002,76.49
672,Gibraltar,GIB,1950,32.5,67.5
673,Greece,GRC,1907,60.5,39.5
674,Greece,GRC,1920,52.0,48.0
675,Greece,GRC,1928,41.9,58.1
676,Greece,GRC,1950,27.5,72.5
677,Greece,GRC,1981,9.489998,90.51
678,Greece,GRC,1991,7.3899994,92.61
679,Greece,GRC,2001,4.010002,95.99
680,Greece,GRC,2009,6.0899963,93.91
681,Greenland,GRL,1950,1.5,98.5
682,Grenada,GRD,1950,32.5,67.5
683,Grenada,GRD,1970,2.209999,97.79
684,Guadeloupe,GLP,1950,32.5,67.5
685,Guadeloupe,GLP,1982,9.900002,90.1
686,Guam,GUM,1950,12.5,87.5
687,Guam,GUM,1980,3.5800018,96.42
688,Guam,GUM,1990,0.62999725,99.37
689,Guatemala,GTM,1950,72.5,27.5
690,Guatemala,GTM,1994,35.79,64.21
691,Guatemala,GTM,2002,30.900002,69.1
692,Guatemala,GTM,2012,21.739998,78.26
693,Guatemala,GTM,2013,22.96,77.04
694,Guatemala,GTM,2014,18.71,81.29
695,Guatemala,GTM,2015,19.800003,80.2
696,Guatemala,GTM,2018,19.190002,80.81
697,Guatemala,GTM,2022,16.970001,83.03
698,Guatemala,GTM,2023,16.980423,83.01958
699,Guatemala,GTM,2024,17.89,82.11
700,Guinea,GIN,1996,79.45,20.55
701,Guinea,GIN,2003,70.3,29.7
702,Guinea,GIN,2010,74.69,25.31
703,Guinea,GIN,2014,68.0,32.0
704,Guinea,GIN,2018,60.38,39.62
705,Guinea-Bissau,GNB,1950,97.0,3.0
706,Guinea-Bissau,GNB,1979,80.04,19.96
707,Guinea-Bissau,GNB,2000,58.64,41.36
708,Guinea-Bissau,GNB,2019,45.12,54.88
709,Guinea-Bissau,GNB,2022,36.07,63.93
710,Guyana,GUY,1950,22.5,77.5
711,Guyana,GUY,2020,14.360001,85.64
712,Haiti,HTI,1950,87.5,12.5
713,Haiti,HTI,1982,65.270004,34.73
714,Haiti,HTI,2003,41.26,58.74
715,Haiti,HTI,2012,26.046661,73.95334
716,Haiti,HTI,2017,31.989998,68.01
717,High-income countries,OWID_HIC,2020,2.290001,97.71
718,Honduras,HND,1926,73.9,26.1
719,Honduras,HND,1930,66.6,33.4
720,Honduras,HND,1935,67.4,32.6
721,Honduras,HND,1940,65.3,34.7
722,Honduras,HND,1945,63.7,36.3
723,Honduras,HND,1950,62.5,37.5
724,Honduras,HND,2001,19.989998,80.01
725,Honduras,HND,2007,16.410004,83.59
726,Honduras,HND,2010,15.239998,84.76
727,Honduras,HND,2011,14.879997,85.12
728,Honduras,HND,2012,14.639999,85.36
729,Honduras,HND,2013,14.540001,85.46
730,Honduras,HND,2014,12.800003,87.2
731,Honduras,HND,2015,12.089996,87.91
732,Honduras,HND,2016,11.010002,88.99
733,Honduras,HND,2018,12.790001,87.21
734,Honduras,HND,2019,11.489998,88.51
735,Honduras,HND,2022,11.780724,88.21928
736,Honduras,HND,2023,12.910004,87.09
737,Honduras,HND,2024,11.75,88.25
738,Hong Kong,HKG,1950,42.5,57.5
739,Hungary,HUN,1900,39.9,60.1
740,Hungary,HUN,1910,32.3,67.7
741,Hungary,HUN,1920,13.4,86.6
742,Hungary,HUN,1930,10.0,90.0
743,Hungary,HUN,1941,6.4,93.6
744,Hungary,HUN,1950,4.5,95.5
745,Hungary,HUN,1980,1.1399994,98.86
746,Iceland,ISL,1950,1.5,98.5
747,India,IND,1901,93.8,6.2
748,India,IND,1911,93.0,7.0
749,India,IND,1921,91.7,8.3
750,India,IND,1931,90.9,9.1
751,India,IND,1950,82.5,17.5
752,India,IND,1981,59.24,40.76
753,India,IND,1991,51.78,48.22
754,India,IND,2001,38.99,61.01
755,India,IND,2006,37.25,62.75
756,India,IND,2010,31.67418,68.32582
757,India,IND,2011,30.699997,69.3
758,India,IND,2012,30.172073,69.82793
759,India,IND,2018,26.311646,73.688354
760,India,IND,2019,25.10614,74.89386
761,India,IND,2020,24.472939,75.52706
762,India,IND,2021,23.940338,76.05966
763,India,IND,2022,23.68,76.32
764,India,IND,2023,18.300003,81.7
765,India,IND,2024,21.837463,78.16254
766,Indonesia,IDN,1950,82.5,17.5
767,Indonesia,IDN,1980,32.690002,67.31
768,Indonesia,IDN,1990,18.480003,81.52
769,Indonesia,IDN,2004,9.620003,90.38
770,Indonesia,IDN,2006,8.019997,91.98
771,Indonesia,IDN,2008,7.8099976,92.19
772,Indonesia,IDN,2009,7.419998,92.58
773,Indonesia,IDN,2010,7.6800003,92.32
774,Indonesia,IDN,2011,7.1900024,92.81
775,Indonesia,IDN,2014,4.8799973,95.12
776,Indonesia,IDN,2015,4.779999,95.22
777,Indonesia,IDN,2016,4.6200027,95.38
778,Indonesia,IDN,2018,4.3399963,95.66
779,Indonesia,IDN,2020,4.0,96.0
780,Iran,IRN,1950,87.5,12.5
781,Iran,IRN,1976,63.48,36.52
782,Iran,IRN,1986,47.68,52.32
783,Iran,IRN,1991,34.47,65.53
784,Iran,IRN,1996,26.940002,73.06
785,Iran,IRN,2002,23.0,77.0
786,Iran,IRN,2005,17.559998,82.44
787,Iran,IRN,2006,17.669998,82.33
788,Iran,IRN,2008,17.04,82.96
789,Iran,IRN,2009,16.777763,83.22224
790,Iran,IRN,2010,16.335335,83.664665
791,Iran,IRN,2011,16.480003,83.52
792,Iran,IRN,2012,16.370003,83.63
793,Iran,IRN,2013,15.370003,84.63
794,Iran,IRN,2014,15.290001,84.71
795,Iran,IRN,2015,14.716568,85.28343
796,Iran,IRN,2016,14.459999,85.54
797,Iran,IRN,2017,14.053207,85.94679
798,Iran,IRN,2018,13.131165,86.868835
799,Iran,IRN,2019,12.62117,87.37883
800,Iran,IRN,2020,12.097176,87.902824
801,Iran,IRN,2021,11.544403,88.4556
802,Iran,IRN,2022,11.405769,88.59423
803,Iran,IRN,2023,11.083183,88.91682
804,Iraq,IRQ,1950,87.5,12.5
805,Iraq,IRQ,2000,25.949997,74.05
806,Iraq,IRQ,2012,22.800003,77.2
807,Iraq,IRQ,2014,17.800003,82.2
808,Iraq,IRQ,2016,16.699997,83.3
809,Iraq,IRQ,2017,14.400002,85.6
810,Iraq,IRQ,2021,15.935104,84.064896
811,Ireland,IRL,1475,100.0,0.0
812,Ireland,IRL,1550,100.0,0.0
813,Ireland,IRL,1650,97.0,3.0
814,Ireland,IRL,1750,79.0,21.0
815,Ireland,IRL,1950,1.5,98.5
816,Isle of Man,IMN,1950,1.5,98.5
817,Israel,ISR,1950,7.5,92.5
818,Israel,ISR,1983,8.25,91.75
819,Italy,ITA,1475,85.0,15.0
820,Italy,ITA,1550,82.0,18.0
821,Italy,ITA,1650,77.0,23.0
822,Italy,ITA,1750,77.0,23.0
823,Italy,ITA,1901,48.2,51.8
824,Italy,ITA,1911,37.2,62.8
825,Italy,ITA,1921,26.8,73.2
826,Italy,ITA,1931,21.6,78.4
827,Italy,ITA,1950,12.5,87.5
828,Italy,ITA,1981,3.540001,96.46
829,Italy,ITA,2001,1.5800018,98.42
830,Italy,ITA,2011,1.1500015,98.85
831,Italy,ITA,2019,0.6500015,99.35
832,Jamaica,JAM,1950,27.5,72.5
833,Jamaica,JAM,1999,20.080002,79.92
834,Japan,JPN,1950,2.5,97.5
835,Jordan,JOR,1950,82.5,17.5
836,Jordan,JOR,1979,33.199997,66.8
837,Jordan,JOR,2003,10.110001,89.89
838,Jordan,JOR,2005,8.870003,91.13
839,Jordan,JOR,2007,7.800003,92.2
840,Jordan,JOR,2010,7.449997,92.55
841,Jordan,JOR,2011,4.0999985,95.9
842,Jordan,JOR,2012,2.1100006,97.89
843,Jordan,JOR,2018,4.5699997,95.43
844,Jordan,JOR,2023,5.1500015,94.85
845,Jordan,JOR,2024,5.5599976,94.44
846,Kazakhstan,KAZ,1989,2.4700012,97.53
847,Kazakhstan,KAZ,1999,0.48999786,99.51
848,Kazakhstan,KAZ,2009,0.26999664,99.73
849,Kenya,KEN,1950,77.5,22.5
850,Kenya,KEN,2000,17.769997,82.23
851,Kiribati,KIR,1950,7.5,92.5
852,Kiribati,KIR,2018,2.040001,97.96
853,Kiribati,KIR,2020,1.3920212,98.60798
854,Kuwait,KWT,1950,82.5,17.5
855,Kuwait,KWT,1975,40.44,59.56
856,Kuwait,KWT,1980,32.480003,67.52
857,Kuwait,KWT,1985,25.510002,74.49
858,Kuwait,KWT,1995,21.599998,78.4
859,Kuwait,KWT,2005,6.7300034,93.27
860,Kuwait,KWT,2006,6.720001,93.28
861,Kuwait,KWT,2007,6.3399963,93.66
862,Kuwait,KWT,2008,6.0999985,93.9
863,Kuwait,KWT,2010,5.529999,94.47
864,Kuwait,KWT,2012,4.489998,95.51
865,Kuwait,KWT,2013,4.4100037,95.59
866,Kuwait,KWT,2015,4.3099976,95.69
867,Kuwait,KWT,2017,3.959999,96.04
868,Kuwait,KWT,2018,3.9400024,96.06
869,Kuwait,KWT,2020,3.540001,96.46
870,Kyrgyzstan,KGZ,1999,1.300003,98.7
871,Kyrgyzstan,KGZ,2009,0.76000214,99.24
872,Laos,LAO,1950,82.5,17.5
873,Laos,LAO,1995,39.75,60.25
874,Laos,LAO,2000,30.419998,69.58
875,Laos,LAO,2001,31.269997,68.73
876,Laos,LAO,2005,27.300003,72.7
877,Laos,LAO,2015,15.339996,84.66
878,Laos,LAO,2017,26.279999,73.72
879,Laos,LAO,2023,24.36,75.64
880,Latin America and Caribbean (WB),WB_LAC,1974,21.870003,78.13
881,Latin America and Caribbean (WB),WB_LAC,1975,21.849998,78.15
882,Latin America and Caribbean (WB),WB_LAC,1976,21.449997,78.55
883,Latin America and Caribbean (WB),WB_LAC,1977,21.010002,78.99
884,Latin America and Caribbean (WB),WB_LAC,1978,20.550003,79.45
885,Latin America and Caribbean (WB),WB_LAC,1979,20.14,79.86
886,Latin America and Caribbean (WB),WB_LAC,1980,19.769997,80.23
887,Latin America and Caribbean (WB),WB_LAC,1981,19.36,80.64
888,Latin America and Caribbean (WB),WB_LAC,1982,18.970001,81.03
889,Latin America and Caribbean (WB),WB_LAC,1983,18.589996,81.41
890,Latin America and Caribbean (WB),WB_LAC,1984,18.220001,81.78
891,Latin America and Caribbean (WB),WB_LAC,1985,17.870003,82.13
892,Latin America and Caribbean (WB),WB_LAC,1986,17.519997,82.48
893,Latin America and Caribbean (WB),WB_LAC,1987,17.220001,82.78
894,Latin America and Caribbean (WB),WB_LAC,1988,16.769997,83.23
895,Latin America and Caribbean (WB),WB_LAC,1989,16.349998,83.65
896,Latin America and Caribbean (WB),WB_LAC,1990,16.029999,83.97
897,Latin America and Caribbean (WB),WB_LAC,1991,15.349998,84.65
898,Latin America and Caribbean (WB),WB_LAC,1992,14.68,85.32
899,Latin America and Caribbean (WB),WB_LAC,1993,14.019997,85.98
900,Latin America and Caribbean (WB),WB_LAC,1994,13.379997,86.62
901,Latin America and Caribbean (WB),WB_LAC,1995,12.739998,87.26
902,Latin America and Caribbean (WB),WB_LAC,1996,12.349998,87.65
903,Latin America and Caribbean (WB),WB_LAC,1997,12.07,87.93
904,Latin America and Caribbean (WB),WB_LAC,1998,11.709999,88.29
905,Latin America and Caribbean (WB),WB_LAC,1999,11.379997,88.62
906,Latin America and Caribbean (WB),WB_LAC,2000,11.080002,88.92
907,Latin America and Caribbean (WB),WB_LAC,2001,10.889999,89.11
908,Latin America and Caribbean (WB),WB_LAC,2002,10.599998,89.4
909,Latin America and Caribbean (WB),WB_LAC,2003,9.900002,90.1
910,Latin America and Caribbean (WB),WB_LAC,2004,9.620003,90.38
911,Latin America and Caribbean (WB),WB_LAC,2005,9.639999,90.36
912,Latin America and Caribbean (WB),WB_LAC,2006,9.43,90.57
913,Latin America and Caribbean (WB),WB_LAC,2007,8.589996,91.41
914,Latin America and Caribbean (WB),WB_LAC,2008,8.290001,91.71
915,Latin America and Caribbean (WB),WB_LAC,2009,8.099998,91.9
916,Latin America and Caribbean (WB),WB_LAC,2010,8.18,91.82
917,Latin America and Caribbean (WB),WB_LAC,2011,7.4800034,92.52
918,Latin America and Caribbean (WB),WB_LAC,2012,7.169998,92.83
919,Latin America and Caribbean (WB),WB_LAC,2013,7.1900024,92.81
920,Latin America and Caribbean (WB),WB_LAC,2014,6.6900024,93.31
921,Latin America and Caribbean (WB),WB_LAC,2015,6.550003,93.45
922,Latin America and Caribbean (WB),WB_LAC,2016,6.1100006,93.89
923,Latin America and Caribbean (WB),WB_LAC,2017,6.080002,93.92
924,Latin America and Caribbean (WB),WB_LAC,2018,5.9000015,94.1
925,Latin America and Caribbean (WB),WB_LAC,2019,5.7300034,94.27
926,Latin America and Caribbean (WB),WB_LAC,2020,5.669998,94.33
927,Latin America and Caribbean (WB),WB_LAC,2021,5.5,94.5
928,Latin America and Caribbean (WB),WB_LAC,2022,5.3199997,94.68
929,Latin America and Caribbean (WB),WB_LAC,2023,5.169998,94.83
930,Latin America and Caribbean (WB),WB_LAC,2024,5.050003,94.95
931,Latin America and the Caribbean (SDG),,1974,21.870003,78.13
932,Latin America and the Caribbean (SDG),,1975,21.849998,78.15
933,Latin America and the Caribbean (SDG),,1976,21.449997,78.55
934,Latin America and the Caribbean (SDG),,1977,21.010002,78.99
935,Latin America and the Caribbean (SDG),,1978,20.550003,79.45
936,Latin America and the Caribbean (SDG),,1979,20.14,79.86
937,Latin America and the Caribbean (SDG),,1980,19.769997,80.23
938,Latin America and the Caribbean (SDG),,1981,19.36,80.64
939,Latin America and the Caribbean (SDG),,1982,18.970001,81.03
940,Latin America and the Caribbean (SDG),,1983,18.589996,81.41
941,Latin America and the Caribbean (SDG),,1984,18.220001,81.78
942,Latin America and the Caribbean (SDG),,1985,17.86,82.14
943,Latin America and the Caribbean (SDG),,1986,17.519997,82.48
944,Latin America and the Caribbean (SDG),,1987,17.220001,82.78
945,Latin America and the Caribbean (SDG),,1988,16.769997,83.23
946,Latin America and the Caribbean (SDG),,1989,16.349998,83.65
947,Latin America and the Caribbean (SDG),,1990,16.029999,83.97
948,Latin America and the Caribbean (SDG),,1991,15.349998,84.65
949,Latin America and the Caribbean (SDG),,1992,14.68,85.32
950,Latin America and the Caribbean (SDG),,1993,14.019997,85.98
951,Latin America and the Caribbean (SDG),,1994,13.379997,86.62
952,Latin America and the Caribbean (SDG),,1995,12.739998,87.26
953,Latin America and the Caribbean (SDG),,1996,12.349998,87.65
954,Latin America and the Caribbean (SDG),,1997,12.07,87.93
955,Latin America and the Caribbean (SDG),,1998,11.709999,88.29
956,Latin America and the Caribbean (SDG),,1999,11.379997,88.62
957,Latin America and the Caribbean (SDG),,2000,11.080002,88.92
958,Latin America and the Caribbean (SDG),,2001,10.889999,89.11
959,Latin America and the Caribbean (SDG),,2002,10.599998,89.4
960,Latin America and the Caribbean (SDG),,2003,9.900002,90.1
961,Latin America and the Caribbean (SDG),,2004,9.620003,90.38
962,Latin America and the Caribbean (SDG),,2005,9.639999,90.36
963,Latin America and the Caribbean (SDG),,2006,9.43,90.57
964,Latin America and the Caribbean (SDG),,2007,8.589996,91.41
965,Latin America and the Caribbean (SDG),,2008,8.290001,91.71
966,Latin America and the Caribbean (SDG),,2009,8.099998,91.9
967,Latin America and the Caribbean (SDG),,2010,8.18,91.82
968,Latin America and the Caribbean (SDG),,2011,7.4800034,92.52
969,Latin America and the Caribbean (SDG),,2012,7.169998,92.83
970,Latin America and the Caribbean (SDG),,2013,7.1900024,92.81
971,Latin America and the Caribbean (SDG),,2014,6.6900024,93.31
972,Latin America and the Caribbean (SDG),,2015,6.550003,93.45
973,Latin America and the Caribbean (SDG),,2016,6.1100006,93.89
974,Latin America and the Caribbean (SDG),,2017,6.080002,93.92
975,Latin America and the Caribbean (SDG),,2018,5.9000015,94.1
976,Latin America and the Caribbean (SDG),,2019,5.7300034,94.27
977,Latin America and the Caribbean (SDG),,2020,5.669998,94.33
978,Latin America and the Caribbean (SDG),,2021,5.5,94.5
979,Latin America and the Caribbean (SDG),,2022,5.3199997,94.68
980,Latin America and the Caribbean (SDG),,2023,5.169998,94.83
981,Latin America and the Caribbean (SDG),,2024,5.050003,94.95
982,Latvia,LVA,1989,0.55000305,99.45
983,Latvia,LVA,2000,0.25,99.75
984,Latvia,LVA,2011,0.099998474,99.9
985,Lebanon,LBN,1950,52.5,47.5
986,Lebanon,LBN,2007,10.389999,89.61
987,Lebanon,LBN,2009,8.82,91.18
988,Lebanon,LBN,2018,7.330002,92.67
989,Lebanon,LBN,2019,7.9900284,92.00997
990,Lesotho,LSO,1950,47.5,52.5
991,Lesotho,LSO,2000,13.75,86.25
992,Lesotho,LSO,2006,33.9,66.1
993,Lesotho,LSO,2016,2.7300034,97.27
994,Lesotho,LSO,2018,13.760002,86.24
995,Lesotho,LSO,2019,7.603836,92.396164
996,Lesotho,LSO,2024,9.550003,90.45
997,Liberia,LBR,1950,92.5,7.5
998,Liberia,LBR,1984,67.89,32.11
999,Liberia,LBR,2010,40.59697,59.40303
1000,Libya,LBY,1950,92.5,7.5
1001,Libya,LBY,1984,39.84,60.16
1002,Liechtenstein,LIE,1950,1.5,98.5
1003,Lithuania,LTU,1989,1.5599976,98.44
1004,Lithuania,LTU,2001,0.34999847,99.65
1005,Lithuania,LTU,2011,0.1800003,99.82
1006,Low-income countries,OWID_LIC,1988,53.52,46.48
1007,Low-income countries,OWID_LIC,1989,53.09,46.91
1008,Low-income countries,OWID_LIC,1990,52.58,47.42
1009,Low-income countries,OWID_LIC,1991,52.3,47.7
1010,Low-income countries,OWID_LIC,1992,52.18,47.82
1011,Low-income countries,OWID_LIC,1993,51.92,48.08
1012,Low-income countries,OWID_LIC,1994,51.66,48.34
1013,Low-income countries,OWID_LIC,1995,51.18,48.82
1014,Low-income countries,OWID_LIC,1996,50.84,49.16
1015,Low-income countries,OWID_LIC,1997,50.23,49.77
1016,Low-income countries,OWID_LIC,1998,49.56,50.44
1017,Low-income countries,OWID_LIC,1999,48.99,51.01
1018,Low-income countries,OWID_LIC,2000,48.57,51.43
1019,Low-income countries,OWID_LIC,2001,47.93,52.07
1020,Low-income countries,OWID_LIC,2002,47.28,52.72
1021,Low-income countries,OWID_LIC,2003,46.86,53.14
1022,Low-income countries,OWID_LIC,2004,46.39,53.61
1023,Low-income countries,OWID_LIC,2005,45.98,54.02
1024,Low-income countries,OWID_LIC,2006,47.83,52.17
1025,Low-income countries,OWID_LIC,2007,46.61,53.39
1026,Low-income countries,OWID_LIC,2008,45.75,54.25
1027,Low-income countries,OWID_LIC,2009,45.23,54.77
1028,Low-income countries,OWID_LIC,2010,44.73,55.27
1029,Low-income countries,OWID_LIC,2011,42.51,57.49
1030,Low-income countries,OWID_LIC,2012,42.02,57.98
1031,Low-income countries,OWID_LIC,2013,41.1,58.9
1032,Low-income countries,OWID_LIC,2014,40.97,59.03
1033,Low-income countries,OWID_LIC,2015,40.3,59.7
1034,Low-income countries,OWID_LIC,2016,39.64,60.36
1035,Low-income countries,OWID_LIC,2017,38.58,61.42
1036,Low-income countries,OWID_LIC,2018,38.28,61.72
1037,Low-income countries,OWID_LIC,2019,38.26,61.74
1038,Low-income countries,OWID_LIC,2020,38.12,61.88
1039,Low-income countries,OWID_LIC,2021,37.67,62.33
1040,Low-income countries,OWID_LIC,2022,37.23,62.77
1041,Low-income countries,OWID_LIC,2023,36.79,63.21
1042,Low-income countries,OWID_LIC,2024,36.43,63.57
1043,Lower-middle-income countries,OWID_LMC,1975,56.27,43.73
1044,Lower-middle-income countries,OWID_LMC,1976,56.17,43.83
1045,Lower-middle-income countries,OWID_LMC,1977,55.61,44.39
1046,Lower-middle-income countries,OWID_LMC,1978,55.03,44.97
1047,Lower-middle-income countries,OWID_LMC,1979,54.46,45.54
1048,Lower-middle-income countries,OWID_LMC,1980,53.9,46.1
1049,Lower-middle-income countries,OWID_LMC,1981,53.35,46.65
1050,Lower-middle-income countries,OWID_LMC,1982,52.77,47.23
1051,Lower-middle-income countries,OWID_LMC,1983,52.27,47.73
1052,Lower-middle-income countries,OWID_LMC,1984,51.66,48.34
1053,Lower-middle-income countries,OWID_LMC,1985,51.05,48.95
1054,Lower-middle-income countries,OWID_LMC,1986,50.51,49.49
1055,Lower-middle-income countries,OWID_LMC,1987,49.66,50.34
1056,Lower-middle-income countries,OWID_LMC,1988,49.0,51.0
1057,Lower-middle-income countries,OWID_LMC,1989,48.3,51.7
1058,Lower-middle-income countries,OWID_LMC,1990,47.58,52.42
1059,Lower-middle-income countries,OWID_LMC,1991,46.82,53.18
1060,Lower-middle-income countries,OWID_LMC,1992,45.9,54.1
1061,Lower-middle-income countries,OWID_LMC,1993,45.0,55.0
1062,Lower-middle-income countries,OWID_LMC,1994,44.13,55.87
1063,Lower-middle-income countries,OWID_LMC,1995,43.31,56.69
1064,Lower-middle-income countries,OWID_LMC,1996,42.48,57.52
1065,Lower-middle-income countries,OWID_LMC,1997,41.65,58.35
1066,Lower-middle-income countries,OWID_LMC,1998,38.15,61.85
1067,Lower-middle-income countries,OWID_LMC,1999,37.36,62.64
1068,Lower-middle-income countries,OWID_LMC,2000,37.13,62.87
1069,Lower-middle-income countries,OWID_LMC,2001,36.39,63.61
1070,Lower-middle-income countries,OWID_LMC,2002,35.65,64.35
1071,Lower-middle-income countries,OWID_LMC,2003,34.6,65.4
1072,Lower-middle-income countries,OWID_LMC,2004,33.89,66.11
1073,Lower-middle-income countries,OWID_LMC,2005,34.1,65.9
1074,Lower-middle-income countries,OWID_LMC,2006,34.14,65.86
1075,Lower-middle-income countries,OWID_LMC,2007,33.629997,66.37
1076,Lower-middle-income countries,OWID_LMC,2008,32.97,67.03
1077,Lower-middle-income countries,OWID_LMC,2009,32.29,67.71
1078,Lower-middle-income countries,OWID_LMC,2010,30.410004,69.59
1079,Lower-middle-income countries,OWID_LMC,2011,29.71,70.29
1080,Lower-middle-income countries,OWID_LMC,2012,29.279999,70.72
1081,Lower-middle-income countries,OWID_LMC,2013,28.400002,71.6
1082,Lower-middle-income countries,OWID_LMC,2014,27.769997,72.23
1083,Lower-middle-income countries,OWID_LMC,2015,26.690002,73.31
1084,Lower-middle-income countries,OWID_LMC,2016,25.93,74.07
1085,Lower-middle-income countries,OWID_LMC,2017,25.39,74.61
1086,Lower-middle-income countries,OWID_LMC,2018,24.559998,75.44
1087,Lower-middle-income countries,OWID_LMC,2019,24.589996,75.41
1088,Lower-middle-income countries,OWID_LMC,2020,23.96,76.04
1089,Lower-middle-income countries,OWID_LMC,2021,23.349998,76.65
1090,Lower-middle-income countries,OWID_LMC,2022,22.739998,77.26
1091,Lower-middle-income countries,OWID_LMC,2023,22.220001,77.78
1092,Lower-middle-income countries,OWID_LMC,2024,21.720001,78.28
1093,Luxembourg,LUX,1950,3.5,96.5
1094,Macao,MAC,1950,42.5,57.5
1095,Macao,MAC,1981,9.620003,90.38
1096,Macao,MAC,2001,8.699997,91.3
1097,Macao,MAC,2006,6.5,93.5
1098,Macao,MAC,2011,4.3600006,95.64
1099,Macao,MAC,2016,3.459999,96.54
1100,Madagascar,MDG,1950,67.5,32.5
1101,Madagascar,MDG,2000,29.309998,70.69
1102,Madagascar,MDG,2012,28.43,71.57
1103,Madagascar,MDG,2018,23.32,76.68
1104,Madagascar,MDG,2021,25.309998,74.69
1105,Malawi,MWI,1950,92.5,7.5
1106,Malawi,MWI,1987,51.46,48.54
1107,Malawi,MWI,1998,35.870003,64.13
1108,Malawi,MWI,2017,27.173325,72.826675
1109,Malawi,MWI,2018,23.279999,76.72
1110,Malawi,MWI,2020,29.849998,70.15
1111,Malaysia,MYS,1950,62.5,37.5
1112,Malaysia,MYS,1980,30.480003,69.52
1113,Malaysia,MYS,1991,17.080002,82.92
1114,Malaysia,MYS,2000,11.309998,88.69
1115,Malaysia,MYS,2010,6.8799973,93.12
1116,Malaysia,MYS,2016,5.1200027,94.88
1117,Malaysia,MYS,2017,4.919998,95.08
1118,Malaysia,MYS,2018,5.1500015,94.85
1119,Malaysia,MYS,2019,5.029999,94.97
1120,Malaysia,MYS,2022,4.2300034,95.77
1121,Maldives,MDV,1950,27.5,72.5
1122,Maldives,MDV,1977,17.699997,82.3
1123,Maldives,MDV,1985,7.7699966,92.23
1124,Maldives,MDV,1990,3.9800034,96.02
1125,Maldives,MDV,1995,3.6699982,96.33
1126,Maldives,MDV,2000,3.6699982,96.33
1127,Maldives,MDV,2006,1.5999985,98.4
1128,Maldives,MDV,2014,1.3899994,98.61
1129,Maldives,MDV,2016,2.2699966,97.73
1130,Maldives,MDV,2017,5.489998,94.51
1131,Maldives,MDV,2019,1.7900009,98.21
1132,Mali,MLI,1976,90.57,9.43
1133,Mali,MLI,1998,80.96,19.04
1134,Mali,MLI,2003,76.0,24.0
1135,Mali,MLI,2006,73.82,26.18
1136,Mali,MLI,2010,68.9,31.1
1137,Mali,MLI,2011,69.38,30.62
1138,Mali,MLI,2015,66.93,33.07
1139,Mali,MLI,2018,64.53,35.47
1140,Mali,MLI,2024,64.369995,35.63
1141,Malta,MLT,1950,42.5,57.5
1142,Malta,MLT,1985,13.07,86.93
1143,Malta,MLT,1995,12.129997,87.87
1144,Malta,MLT,2005,7.6399994,92.36
1145,Malta,MLT,2011,6.6900024,93.31
1146,Marshall Islands,MHL,2011,1.7300034,98.27
1147,Marshall Islands,MHL,2019,1.8199997,98.18
1148,Marshall Islands,MHL,2021,4.237068,95.76293
1149,Martinique,MTQ,1950,27.5,72.5
1150,Martinique,MTQ,1982,7.199997,92.8
1151,Mauritania,MRT,2000,48.79,51.21
1152,Mauritania,MRT,2013,37.93,62.07
1153,Mauritania,MRT,2015,34.89,65.11
1154,Mauritania,MRT,2020,40.47,59.53
1155,Mauritius,MUS,1950,47.5,52.5
1156,Mauritius,MUS,1990,20.129997,79.87
1157,Mauritius,MUS,2000,15.699997,84.3
1158,Mauritius,MUS,2011,10.75,89.25
1159,Mauritius,MUS,2012,8.230003,91.77
1160,Mauritius,MUS,2013,8.510002,91.49
1161,Mauritius,MUS,2014,7.529999,92.47
1162,Mauritius,MUS,2015,7.290001,92.71
1163,Mauritius,MUS,2016,6.8399963,93.16
1164,Mauritius,MUS,2021,7.0199814,92.98002
1165,Mauritius,MUS,2023,5.712219,94.28778
1166,Mexico,MEX,1900,77.7,22.3
1167,Mexico,MEX,1910,72.3,27.7
1168,Mexico,MEX,1921,66.2,33.8
1169,Mexico,MEX,1930,61.5,38.5
1170,Mexico,MEX,1940,54.0,46.0
1171,Mexico,MEX,1950,37.5,62.5
1172,Mexico,MEX,1980,17.010002,82.99
1173,Mexico,MEX,1990,12.440002,87.56
1174,Mexico,MEX,2000,9.459999,90.54
1175,Mexico,MEX,2002,9.730003,90.27
1176,Mexico,MEX,2004,9.050003,90.95
1177,Mexico,MEX,2005,8.370003,91.63
1178,Mexico,MEX,2006,8.269997,91.73
1179,Mexico,MEX,2007,7.199997,92.8
1180,Mexico,MEX,2008,7.0699997,92.93
1181,Mexico,MEX,2009,6.5599976,93.44
1182,Mexico,MEX,2010,6.9300003,93.07
1183,Mexico,MEX,2011,6.4800034,93.52
1184,Mexico,MEX,2012,5.7699966,94.23
1185,Mexico,MEX,2013,6.040001,93.96
1186,Mexico,MEX,2014,5.4400024,94.56
1187,Mexico,MEX,2015,5.529999,94.47
1188,Mexico,MEX,2016,5.1399994,94.86
1189,Mexico,MEX,2017,5.029999,94.97
1190,Mexico,MEX,2018,4.6200027,95.38
1191,Mexico,MEX,2019,4.611061,95.38894
1192,Mexico,MEX,2020,4.75,95.25
1193,Mexico,MEX,2021,4.3109055,95.689095
1194,Mexico,MEX,2022,4.8799973,95.12
1195,Mexico,MEX,2023,4.165306,95.834694
1196,Mexico,MEX,2024,4.449997,95.55
1197,Moldova,MDA,1989,3.6200027,96.38
1198,Moldova,MDA,2000,3.3499985,96.65
1199,Moldova,MDA,2014,0.6399994,99.36
1200,Monaco,MCO,1950,3.5,96.5
1201,Mongolia,MNG,1950,42.5,57.5
1202,Mongolia,MNG,2000,2.2300034,97.77
1203,Mongolia,MNG,2010,1.7399979,98.26
1204,Mongolia,MNG,2018,3.0999985,96.9
1205,Mongolia,MNG,2019,1.5400009,98.46
1206,Mongolia,MNG,2020,0.8199997,99.18
1207,Mongolia,MNG,2021,0.78564453,99.214355
1208,Mongolia,MNG,2022,1.2699966,98.73
1209,Mongolia,MNG,2023,1.3600006,98.64
1210,Mongolia,MNG,2024,1.3600006,98.64
1211,Montenegro,MNE,1981,10.360001,89.64
1212,Montenegro,MNE,1991,6.540001,93.46
1213,Montenegro,MNE,2003,2.2300034,97.77
1214,Montenegro,MNE,2011,1.5599976,98.44
1215,Montenegro,MNE,2018,1.4700012,98.53
1216,Morocco,MAR,1950,87.5,12.5
1217,Morocco,MAR,1982,69.74,30.26
1218,Morocco,MAR,1994,58.41,41.59
1219,Morocco,MAR,2004,47.69,52.31
1220,Morocco,MAR,2008,44.85,55.15
1221,Morocco,MAR,2009,43.92,56.08
1222,Morocco,MAR,2011,32.92,67.08
1223,Morocco,MAR,2012,30.839996,69.16
1224,Morocco,MAR,2014,35.739998,64.26
1225,Mozambique,MOZ,1950,97.0,3.0
1226,Mozambique,MOZ,1980,73.0,27.0
1227,Mozambique,MOZ,1997,61.29,38.71
1228,Mozambique,MOZ,2003,51.84,48.16
1229,Mozambique,MOZ,2009,49.42,50.58
1230,Mozambique,MOZ,2015,43.96,56.04
1231,Mozambique,MOZ,2017,39.34,60.66
1232,Mozambique,MOZ,2020,40.22,59.78
1233,Mozambique,MOZ,2022,38.334656,61.665344
1234,Myanmar,MMR,1901,71.6,28.4
1235,Myanmar,MMR,1911,70.6,29.4
1236,Myanmar,MMR,1921,64.3,35.7
1237,Myanmar,MMR,1931,59.8,40.2
1238,Myanmar,MMR,1950,42.5,57.5
1239,Myanmar,MMR,1983,21.43,78.57
1240,Myanmar,MMR,2000,10.059998,89.94
1241,Myanmar,MMR,2014,9.639999,90.36
1242,Myanmar,MMR,2016,15.220001,84.78
1243,Myanmar,MMR,2018,4.1857147,95.814285
1244,Myanmar,MMR,2019,10.93,89.07
1245,Myanmar,MMR,2020,6.472603,93.5274
1246,Namibia,NAM,1991,24.18,75.82
1247,Namibia,NAM,2001,15.059998,84.94
1248,Namibia,NAM,2011,11.730003,88.27
1249,Namibia,NAM,2016,11.869499,88.1305
1250,Namibia,NAM,2018,11.716759,88.28324
1251,Namibia,NAM,2023,12.360001,87.64
1252,Nauru,NRU,1950,27.5,72.5
1253,Nauru,NRU,2021,5.366211,94.63379
1254,Nauru,NRU,2023,3.4100037,96.59
1255,Nepal,NPL,1950,97.0,3.0
1256,Nepal,NPL,1981,79.43,20.57
1257,Nepal,NPL,1991,67.020004,32.98
1258,Nepal,NPL,2001,51.39,48.61
1259,Nepal,NPL,2008,44.439926,55.560074
1260,Nepal,NPL,2011,40.37,59.63
1261,Nepal,NPL,2016,34.5,65.5
1262,Nepal,NPL,2017,33.134605,66.865395
1263,Nepal,NPL,2019,31.29,68.71
1264,Netherlands,NLD,1475,83.0,17.0
1265,Netherlands,NLD,1550,88.0,12.0
1266,Netherlands,NLD,1650,47.0,53.0
1267,Netherlands,NLD,1750,15.0,85.0
1268,Netherlands,NLD,1950,1.5,98.5
1269,Netherlands Antilles,ANT,1950,27.5,72.5
1270,New Caledonia,NCL,1950,62.5,37.5
1271,New Caledonia,NCL,1976,8.699997,91.3
1272,New Caledonia,NCL,1989,6.919998,93.08
1273,New Caledonia,NCL,1996,3.8600006,96.14
1274,New Zealand,NZL,1950,1.5,98.5
1275,Nicaragua,NIC,1950,62.5,37.5
1276,Nicaragua,NIC,2001,23.32,76.68
1277,Nicaragua,NIC,2005,22.0,78.0
1278,Nicaragua,NIC,2012,14.389427,85.61057
1279,Nicaragua,NIC,2014,12.672821,87.32718
1280,Niger,NER,2001,85.62,14.38
1281,Niger,NER,2005,71.33,28.67
1282,Niger,NER,2012,69.44,30.56
1283,Niger,NER,2014,70.95629,29.043707
1284,Niger,NER,2018,66.95,33.05
1285,Niger,NER,2022,64.39,35.61
1286,Nigeria,NGA,1950,87.5,12.5
1287,Nigeria,NGA,1991,44.55,55.45
1288,Nigeria,NGA,2003,45.23,54.77
1289,Nigeria,NGA,2006,29.800003,70.2
1290,Nigeria,NGA,2016,41.78,58.22
1291,Nigeria,NGA,2021,36.84,63.16
1292,Nigeria,NGA,2024,29.589996,70.41
1293,Niue,NIU,1950,7.5,92.5
1294,Niue,NIU,2017,3.7284927,96.27151
1295,Niue,NIU,2022,0.92850494,99.071495
1296,Norfolk Island,NFK,1950,12.5,87.5
1297,North America (WB),WB_NA,2003,1.3799973,98.62
1298,North America (WB),WB_NA,2004,1.3700027,98.63
1299,North America (WB),WB_NA,2005,1.3600006,98.64
1300,North America (WB),WB_NA,2006,1.3399963,98.66
1301,North America (WB),WB_NA,2007,1.3300018,98.67
1302,North America (WB),WB_NA,2008,1.3099976,98.69
1303,North America (WB),WB_NA,2017,1.25,98.75
1304,North America (WB),WB_NA,2018,1.2399979,98.76
1305,North America (WB),WB_NA,2019,1.2399979,98.76
1306,North America (WB),WB_NA,2020,1.2300034,98.77
1307,North America (WB),WB_NA,2021,1.2099991,98.79
1308,North America (WB),WB_NA,2022,1.2099991,98.79
1309,North Korea,PRK,2008,0.0,100.0
1310,North Macedonia,MKD,1994,5.9400024,94.06
1311,North Macedonia,MKD,2002,3.8700027,96.13
1312,Northern Africa and Western Asia (SDG),,1977,44.06,55.94
1313,Northern Africa and Western Asia (SDG),,1978,43.54,56.46
1314,Northern Africa and Western Asia (SDG),,1979,43.2,56.8
1315,Northern Africa and Western Asia (SDG),,1980,42.63,57.37
1316,Northern Africa and Western Asia (SDG),,1981,42.04,57.96
1317,Northern Africa and Western Asia (SDG),,1982,41.33,58.67
1318,Northern Africa and Western Asia (SDG),,1983,41.04,58.96
1319,Northern Africa and Western Asia (SDG),,1984,39.08,60.92
1320,Northern Africa and Western Asia (SDG),,1985,38.38,61.62
1321,Northern Africa and Western Asia (SDG),,1986,37.68,62.32
1322,Northern Africa and Western Asia (SDG),,1987,36.99,63.01
1323,Northern Africa and Western Asia (SDG),,1988,36.17,63.83
1324,Northern Africa and Western Asia (SDG),,1989,35.5,64.5
1325,Northern Africa and Western Asia (SDG),,1990,34.660004,65.34
1326,Northern Africa and Western Asia (SDG),,1991,34.0,66.0
1327,Northern Africa and Western Asia (SDG),,1992,33.370003,66.63
1328,Northern Africa and Western Asia (SDG),,1993,32.93,67.07
1329,Northern Africa and Western Asia (SDG),,1994,32.370003,67.63
1330,Northern Africa and Western Asia (SDG),,1995,31.779999,68.22
1331,Northern Africa and Western Asia (SDG),,1996,31.07,68.93
1332,Northern Africa and Western Asia (SDG),,1997,30.349998,69.65
1333,Northern Africa and Western Asia (SDG),,1998,29.559998,70.44
1334,Northern Africa and Western Asia (SDG),,1999,28.849998,71.15
1335,Northern Africa and Western Asia (SDG),,2000,28.089996,71.91
1336,Northern Africa and Western Asia (SDG),,2001,27.220001,72.78
1337,Northern Africa and Western Asia (SDG),,2002,26.400002,73.6
1338,Northern Africa and Western Asia (SDG),,2003,24.29,75.71
1339,Northern Africa and Western Asia (SDG),,2004,23.599998,76.4
1340,Northern Africa and Western Asia (SDG),,2005,23.0,77.0
1341,Northern Africa and Western Asia (SDG),,2006,24.830002,75.17
1342,Northern Africa and Western Asia (SDG),,2007,24.150002,75.85
1343,Northern Africa and Western Asia (SDG),,2008,23.480003,76.52
1344,Northern Africa and Western Asia (SDG),,2009,22.279999,77.72
1345,Northern Africa and Western Asia (SDG),,2010,21.510002,78.49
1346,Northern Africa and Western Asia (SDG),,2011,19.93,80.07
1347,Northern Africa and Western Asia (SDG),,2012,19.220001,80.78
1348,Northern Africa and Western Asia (SDG),,2013,18.36,81.64
1349,Northern Africa and Western Asia (SDG),,2014,18.29,81.71
1350,Northern Africa and Western Asia (SDG),,2015,17.629997,82.37
1351,Northern Africa and Western Asia (SDG),,2016,18.599998,81.4
1352,Northern Africa and Western Asia (SDG),,2017,18.07,81.93
1353,Northern Africa and Western Asia (SDG),,2018,17.82,82.18
1354,Northern Africa and Western Asia (SDG),,2019,17.580002,82.42
1355,Northern Africa and Western Asia (SDG),,2020,17.29,82.71
1356,Northern Africa and Western Asia (SDG),,2021,17.07,82.93
1357,Northern Africa and Western Asia (SDG),,2022,16.769997,83.23
1358,Northern Africa and Western Asia (SDG),,2023,16.559998,83.44
1359,Northern Africa and Western Asia (SDG),,2024,16.32,83.68
1360,Norway,NOR,1950,1.5,98.5
1361,Oceania (excluding Australia and New Zealand) (SDG),,1994,36.45,63.55
1362,Oceania (excluding Australia and New Zealand) (SDG),,1995,36.54,63.46
1363,Oceania (excluding Australia and New Zealand) (SDG),,1996,36.12,63.88
1364,Oceania (excluding Australia and New Zealand) (SDG),,1997,35.72,64.28
1365,Oceania (excluding Australia and New Zealand) (SDG),,1998,35.32,64.68
1366,Oceania (excluding Australia and New Zealand) (SDG),,1999,35.019997,64.98
1367,Oceania (excluding Australia and New Zealand) (SDG),,2000,34.839996,65.16
1368,Oceania (excluding Australia and New Zealand) (SDG),,2001,34.5,65.5
1369,Oceania (excluding Australia and New Zealand) (SDG),,2002,34.18,65.82
1370,Oceania (excluding Australia and New Zealand) (SDG),,2003,33.870003,66.13
1371,Oceania (excluding Australia and New Zealand) (SDG),,2004,33.57,66.43
1372,Oceania (excluding Australia and New Zealand) (SDG),,2005,33.28,66.72
1373,Oceania (excluding Australia and New Zealand) (SDG),,2006,33.010002,66.99
1374,Oceania (excluding Australia and New Zealand) (SDG),,2007,32.75,67.25
1375,Oceania (excluding Australia and New Zealand) (SDG),,2008,32.489998,67.51
1376,Oceania (excluding Australia and New Zealand) (SDG),,2009,32.25,67.75
1377,Oceania (excluding Australia and New Zealand) (SDG),,2010,32.019997,67.98
1378,Oceania (excluding Australia and New Zealand) (SDG),,2011,32.120003,67.88
1379,Oceania (excluding Australia and New Zealand) (SDG),,2012,32.22,67.78
1380,Oceania (excluding Australia and New Zealand) (SDG),,2013,32.309998,67.69
1381,Oceania (excluding Australia and New Zealand) (SDG),,2017,32.879997,67.12
1382,Oceania (excluding Australia and New Zealand) (SDG),,2018,32.989998,67.01
1383,Oceania (excluding Australia and New Zealand) (SDG),,2019,33.1,66.9
1384,Oceania (excluding Australia and New Zealand) (SDG),,2020,33.22,66.78
1385,Oceania (excluding Australia and New Zealand) (SDG),,2021,33.269997,66.73
1386,Oman,OMN,1950,97.0,3.0
1387,Oman,OMN,2003,33.9,66.1
1388,Oman,OMN,2008,13.379997,86.62
1389,Oman,OMN,2010,13.059998,86.94
1390,Oman,OMN,2015,6.959999,93.04
1391,Oman,OMN,2017,4.419998,95.58
1392,Oman,OMN,2018,4.3499985,95.65
1393,Oman,OMN,2020,3.0999985,96.9
1394,Oman,OMN,2022,2.6600037,97.34
1395,Pakistan,PAK,1950,82.5,17.5
1396,Pakistan,PAK,1981,74.270004,25.73
1397,Pakistan,PAK,1998,57.3,42.7
1398,Pakistan,PAK,2005,50.13,49.87
1399,Pakistan,PAK,2006,45.85,54.15
1400,Pakistan,PAK,2007,47.86,52.14
1401,Pakistan,PAK,2008,44.47,55.53
1402,Pakistan,PAK,2009,45.11,54.89
1403,Pakistan,PAK,2010,44.62,55.38
1404,Pakistan,PAK,2011,45.26,54.74
1405,Pakistan,PAK,2012,43.24,56.76
1406,Pakistan,PAK,2013,44.41,55.59
1407,Pakistan,PAK,2014,43.02,56.98
1408,Pakistan,PAK,2017,40.87,59.13
1409,Pakistan,PAK,2018,42.99,57.01
1410,Pakistan,PAK,2019,42.0,58.0
1411,Pakistan,PAK,2021,41.14,58.86
1412,Palau,PLW,1980,8.080002,91.92
1413,Palau,PLW,2013,0.5,99.5
1414,Palau,PLW,2015,3.4100037,96.59
1415,Palau,PLW,2020,0.15518951,99.84481
1416,Palestine,PSE,1997,13.919998,86.08
1417,Palestine,PSE,2004,7.5199966,92.48
1418,Palestine,PSE,2006,6.550003,93.45
1419,Palestine,PSE,2007,6.239998,93.76
1420,Palestine,PSE,2008,5.989998,94.01
1421,Palestine,PSE,2009,5.5699997,94.43
1422,Palestine,PSE,2010,5.279999,94.72
1423,Palestine,PSE,2011,4.970001,95.03
1424,Palestine,PSE,2012,4.330002,95.67
1425,Palestine,PSE,2013,3.949997,96.05
1426,Palestine,PSE,2014,3.790001,96.21
1427,Palestine,PSE,2015,3.5199966,96.48
1428,Palestine,PSE,2016,3.2799988,96.72
1429,Palestine,PSE,2017,3.0800018,96.92
1430,Palestine,PSE,2018,2.7799988,97.22
1431,Palestine,PSE,2019,2.6200027,97.38
1432,Palestine,PSE,2020,2.4899979,97.51
1433,Palestine,PSE,2021,2.316002,97.684
1434,Palestine,PSE,2022,2.1600037,97.84
1435,Palestine,PSE,2024,2.0610428,97.93896
1436,Panama,PAN,1950,32.5,67.5
1437,Panama,PAN,1980,11.93,88.07
1438,Panama,PAN,1990,11.220001,88.78
1439,Panama,PAN,2000,8.099998,91.9
1440,Panama,PAN,2010,5.9100037,94.09
1441,Panama,PAN,2018,4.5899963,95.41
1442,Panama,PAN,2019,4.260002,95.74
1443,Panama,PAN,2021,3.7880936,96.21191
1444,Panama,PAN,2023,3.910614,96.089386
1445,Panama,PAN,2024,3.7723465,96.22765
1446,Papua New Guinea,PNG,1950,92.5,7.5
1447,Papua New Guinea,PNG,2000,42.66,57.34
1448,Papua New Guinea,PNG,2010,31.03109,68.96891
1449,Papua New Guinea,PNG,2017,29.940002,70.06
1450,Papua New Guinea,PNG,2022,12.995308,87.00469
1451,Paraguay,PRY,1950,32.5,67.5
1452,Paraguay,PRY,1982,21.54,78.46
1453,Paraguay,PRY,1992,9.730003,90.27
1454,Paraguay,PRY,2007,5.4400024,94.56
1455,Paraguay,PRY,2008,6.709999,93.29
1456,Paraguay,PRY,2009,6.25,93.75
1457,Paraguay,PRY,2010,6.1299973,93.87
1458,Paraguay,PRY,2012,5.800003,94.2
1459,Paraguay,PRY,2013,4.9400024,95.06
1460,Paraguay,PRY,2014,4.970001,95.03
1461,Paraguay,PRY,2015,4.449997,95.55
1462,Paraguay,PRY,2016,5.3499985,94.65
1463,Paraguay,PRY,2018,5.9800034,94.02
1464,Paraguay,PRY,2019,6.790001,93.21
1465,Paraguay,PRY,2020,5.459999,94.54
1466,Paraguay,PRY,2024,5.1399994,94.86
1467,Peru,PER,1950,52.5,47.5
1468,Peru,PER,1981,18.080002,81.92
1469,Peru,PER,1993,12.849998,87.15
1470,Peru,PER,2004,12.330002,87.67
1471,Peru,PER,2005,12.089996,87.91
1472,Peru,PER,2006,11.300003,88.7
1473,Peru,PER,2007,10.410004,89.59
1474,Peru,PER,2012,6.1600037,93.84
1475,Peru,PER,2014,6.290001,93.71
1476,Peru,PER,2015,5.8399963,94.16
1477,Peru,PER,2016,5.830002,94.17
1478,Peru,PER,2017,5.8499985,94.15
1479,Peru,PER,2018,5.5899963,94.41
1480,Peru,PER,2020,5.5,94.5
1481,Peru,PER,2024,6.3399963,93.66
1482,Philippines,PHL,1918,50.8,49.2
1483,Philippines,PHL,1939,51.2,48.8
1484,Philippines,PHL,1948,38.7,61.3
1485,Philippines,PHL,1950,37.5,62.5
1486,Philippines,PHL,1980,16.68,83.32
1487,Philippines,PHL,1990,6.4300003,93.57
1488,Philippines,PHL,1994,6.080002,93.92
1489,Philippines,PHL,2000,7.4000015,92.6
1490,Philippines,PHL,2003,7.4100037,92.59
1491,Philippines,PHL,2008,4.580002,95.42
1492,Philippines,PHL,2010,2.9100037,97.09
1493,Philippines,PHL,2013,3.5999985,96.4
1494,Philippines,PHL,2015,1.8199997,98.18
1495,Philippines,PHL,2019,3.7200012,96.28
1496,Philippines,PHL,2020,1.5299988,98.47
1497,Poland,POL,1475,100.0,0.0
1498,Poland,POL,1550,100.0,0.0
1499,Poland,POL,1650,97.0,3.0
1500,Poland,POL,1750,95.0,5.0
1501,Poland,POL,1950,7.5,92.5
1502,Poland,POL,1978,1.2600021,98.74
1503,Portugal,PRT,1900,73.4,26.6
1504,Portugal,PRT,1911,68.9,31.1
1505,Portugal,PRT,1920,65.2,34.8
1506,Portugal,PRT,1930,60.2,39.8
1507,Portugal,PRT,1940,50.4,49.6
1508,Portugal,PRT,1950,42.5,57.5
1509,Portugal,PRT,1981,20.559998,79.44
1510,Portugal,PRT,1991,12.050003,87.95
1511,Portugal,PRT,2011,5.5199966,94.48
1512,Puerto Rico,PRI,1950,27.5,72.5
1513,Puerto Rico,PRI,1980,13.25,86.75
1514,Puerto Rico,PRI,1990,10.379997,89.62
1515,Puerto Rico,PRI,2010,8.029999,91.97
1516,Puerto Rico,PRI,2017,7.6100006,92.39
1517,Qatar,QAT,1950,92.5,7.5
1518,Qatar,QAT,1986,24.36,75.64
1519,Qatar,QAT,1997,16.739998,83.26
1520,Qatar,QAT,2004,11.040001,88.96
1521,Qatar,QAT,2007,6.919998,93.08
1522,Qatar,QAT,2008,6.010002,93.99
1523,Qatar,QAT,2009,5.279999,94.72
1524,Qatar,QAT,2010,3.7200012,96.28
1525,Qatar,QAT,2011,3.5899963,96.41
1526,Qatar,QAT,2012,3.3199997,96.68
1527,Qatar,QAT,2013,2.5199966,97.48
1528,Qatar,QAT,2014,2.25,97.75
1529,Qatar,QAT,2016,1.4800034,98.52
1530,Qatar,QAT,2017,1.2200012,98.78
1531,Qatar,QAT,2022,0.7099991,99.29
1532,Qatar,QAT,2023,0.69999695,99.3
1533,Qatar,QAT,2024,0.6800003,99.32
1534,Reunion,REU,1950,62.5,37.5
1535,Reunion,REU,1982,21.39,78.61
1536,Romania,ROU,1950,22.5,77.5
1537,Romania,ROU,1992,3.290001,96.71
1538,Romania,ROU,2002,2.699997,97.3
1539,Romania,ROU,2011,1.4000015,98.6
1540,Romania,ROU,2021,0.83999634,99.16
1541,Russia,RUS,1989,2.0100021,97.99
1542,Russia,RUS,2002,0.55999756,99.44
1543,Russia,RUS,2010,0.3199997,99.68
1544,Russia,RUS,2021,0.069999695,99.93
1545,Rwanda,RWA,1950,92.5,7.5
1546,Rwanda,RWA,1978,61.76,38.24
1547,Rwanda,RWA,1991,42.15,57.85
1548,Rwanda,RWA,2000,35.11,64.89
1549,Rwanda,RWA,2012,31.669998,68.33
1550,Rwanda,RWA,2014,29.199997,70.8
1551,Rwanda,RWA,2018,26.779999,73.22
1552,Rwanda,RWA,2020,19.949997,80.05
1553,Rwanda,RWA,2022,21.239998,78.76
1554,Saint Helena,SHN,1950,1.5,98.5
1555,Saint Helena,SHN,1998,3.4700012,96.53
1556,Saint Pierre and Miquelon,SPM,1950,7.5,92.5
1557,Saint Pierre and Miquelon,SPM,1982,0.73000336,99.27
1558,Saint Vincent and the Grenadines,VCT,1970,4.3700027,95.63
1559,Samoa,WSM,1950,12.5,87.5
1560,Samoa,WSM,1991,2.0599976,97.94
1561,Samoa,WSM,2011,1.0299988,98.97
1562,Samoa,WSM,2016,0.5999985,99.4
1563,Samoa,WSM,2017,0.29280853,99.70719
1564,Samoa,WSM,2019,2.0100021,97.99
1565,San Marino,SMR,1950,12.5,87.5
1566,San Marino,SMR,2022,0.08999634,99.91
1567,Sao Tome and Principe,STP,1950,82.5,17.5
1568,Sao Tome and Principe,STP,1981,42.68,57.32
1569,Sao Tome and Principe,STP,1991,26.760002,73.24
1570,Sao Tome and Principe,STP,2001,15.089996,84.91
1571,Sao Tome and Principe,STP,2012,9.860001,90.14
1572,Sao Tome and Principe,STP,2019,12.559998,87.44
1573,Saudi Arabia,SAU,1950,97.0,3.0
1574,Saudi Arabia,SAU,1992,29.18,70.82
1575,Saudi Arabia,SAU,2000,20.650002,79.35
1576,Saudi Arabia,SAU,2004,17.14,82.86
1577,Saudi Arabia,SAU,2013,5.5699997,94.43
1578,Saudi Arabia,SAU,2017,4.669998,95.33
1579,Saudi Arabia,SAU,2020,2.4100037,97.59
1580,Saudi Arabia,SAU,2024,2.0699997,97.93
1581,Senegal,SEN,1950,97.0,3.0
1582,Senegal,SEN,1988,73.13,26.87
1583,Senegal,SEN,2002,60.72,39.28
1584,Senegal,SEN,2006,58.11,41.89
1585,Senegal,SEN,2009,51.96,48.04
1586,Senegal,SEN,2011,48.19,51.81
1587,Senegal,SEN,2013,56.47,43.53
1588,Senegal,SEN,2015,56.41,43.59
1589,Senegal,SEN,2016,53.9,46.1
1590,Senegal,SEN,2017,48.1,51.9
1591,Senegal,SEN,2018,53.39,46.61
1592,Senegal,SEN,2019,53.17,46.83
1593,Senegal,SEN,2023,49.64,50.36
1594,Serbia,SRB,2003,3.5999985,96.4
1595,Serbia,SRB,2011,2.040001,97.96
1596,Serbia,SRB,2016,1.1600037,98.84
1597,Serbia,SRB,2019,0.51999664,99.48
1598,Serbia,SRB,2022,0.66000366,99.34
1599,Seychelles,SYC,1950,62.5,37.5
1600,Seychelles,SYC,1987,15.769997,84.23
1601,Seychelles,SYC,1994,12.190002,87.81
1602,Seychelles,SYC,2002,8.160004,91.84
1603,Seychelles,SYC,2010,6.050003,93.95
1604,Sierra Leone,SLE,1950,92.5,7.5
1605,Sierra Leone,SLE,2004,65.17,34.83
1606,Sierra Leone,SLE,2014,55.630108,44.369892
1607,Sierra Leone,SLE,2015,50.6,49.4
1608,Sierra Leone,SLE,2017,55.17,44.83
1609,Sierra Leone,SLE,2018,51.185635,48.814365
1610,Sierra Leone,SLE,2019,56.42,43.58
1611,Singapore,SGP,1950,52.5,47.5
1612,Singapore,SGP,1980,17.089996,82.91
1613,Singapore,SGP,1990,10.900002,89.1
1614,Singapore,SGP,2000,7.449997,92.55
1615,Singapore,SGP,2010,4.1399994,95.86
1616,Singapore,SGP,2011,3.8099976,96.19
1617,Singapore,SGP,2012,3.6299973,96.37
1618,Singapore,SGP,2013,3.449997,96.55
1619,Singapore,SGP,2014,3.2799988,96.72
1620,Singapore,SGP,2015,3.1699982,96.83
1621,Singapore,SGP,2016,2.949997,97.05
1622,Singapore,SGP,2017,2.800003,97.2
1623,Singapore,SGP,2018,2.6600037,97.34
1624,Singapore,SGP,2019,2.5199966,97.48
1625,Singapore,SGP,2020,2.8700027,97.13
1626,Singapore,SGP,2021,2.3499985,97.65
1627,Slovenia,SVN,1991,0.48000336,99.52
1628,Solomon Islands,SLB,1950,92.5,7.5
1629,Solomon Islands,SLB,1999,23.400002,76.6
1630,Somalia,SOM,2019,36.342064,63.657936
1631,Somalia,SOM,2022,45.88,54.12
1632,Somaliland,OWID_SML,1950,97.0,3.0
1633,South Africa,ZAF,1950,57.5,42.5
1634,South Africa,ZAF,1980,23.800003,76.2
1635,South Africa,ZAF,1996,17.599998,82.4
1636,South Africa,ZAF,2007,11.279999,88.72
1637,South Africa,ZAF,2009,7.1100006,92.89
1638,South Africa,ZAF,2010,7.1200027,92.88
1639,South Africa,ZAF,2011,6.9000015,93.1
1640,South Africa,ZAF,2012,6.2699966,93.73
1641,South Africa,ZAF,2014,5.8600006,94.14
1642,South Africa,ZAF,2015,5.6299973,94.37
1643,South Africa,ZAF,2016,8.260002,91.74
1644,South Africa,ZAF,2019,4.9800034,95.02
1645,South Africa,ZAF,2021,10.0,90.0
1646,South Africa,ZAF,2024,8.849998,91.15
1647,South Asia (WB),WB_SA,1975,62.56,37.44
1648,South Asia (WB),WB_SA,1976,62.56,37.44
1649,South Asia (WB),WB_SA,1977,61.87,38.13
1650,South Asia (WB),WB_SA,1978,61.19,38.81
1651,South Asia (WB),WB_SA,1979,60.53,39.47
1652,South Asia (WB),WB_SA,1980,59.88,40.12
1653,South Asia (WB),WB_SA,1981,59.26,40.74
1654,South Asia (WB),WB_SA,1982,58.59,41.41
1655,South Asia (WB),WB_SA,1983,57.92,42.08
1656,South Asia (WB),WB_SA,1984,57.25,42.75
1657,South Asia (WB),WB_SA,1985,56.58,43.42
1658,South Asia (WB),WB_SA,1986,55.91,44.09
1659,South Asia (WB),WB_SA,1987,55.23,44.77
1660,South Asia (WB),WB_SA,1988,54.52,45.48
1661,South Asia (WB),WB_SA,1989,53.73,46.27
1662,South Asia (WB),WB_SA,1990,52.95,47.05
1663,South Asia (WB),WB_SA,1991,52.22,47.78
1664,South Asia (WB),WB_SA,1992,51.44,48.56
1665,South Asia (WB),WB_SA,1993,50.65,49.35
1666,South Asia (WB),WB_SA,1994,49.85,50.15
1667,South Asia (WB),WB_SA,1995,49.05,50.95
1668,South Asia (WB),WB_SA,1996,48.22,51.78
1669,South Asia (WB),WB_SA,1997,47.4,52.6
1670,South Asia (WB),WB_SA,1998,42.08,57.92
1671,South Asia (WB),WB_SA,1999,41.27,58.73
1672,South Asia (WB),WB_SA,2000,40.48,59.52
1673,South Asia (WB),WB_SA,2001,39.69,60.31
1674,South Asia (WB),WB_SA,2002,38.87,61.13
1675,South Asia (WB),WB_SA,2003,38.06,61.94
1676,South Asia (WB),WB_SA,2004,37.26,62.74
1677,South Asia (WB),WB_SA,2005,37.56,62.44
1678,South Asia (WB),WB_SA,2006,37.47,62.53
1679,South Asia (WB),WB_SA,2007,36.62,63.38
1680,South Asia (WB),WB_SA,2008,35.79,64.21
1681,South Asia (WB),WB_SA,2009,34.96,65.04
1682,South Asia (WB),WB_SA,2010,32.059998,67.94
1683,South Asia (WB),WB_SA,2011,31.300003,68.7
1684,South Asia (WB),WB_SA,2012,31.470001,68.53
1685,South Asia (WB),WB_SA,2013,30.160004,69.84
1686,South Asia (WB),WB_SA,2014,29.440002,70.56
1687,South Asia (WB),WB_SA,2015,28.04,71.96
1688,South Asia (WB),WB_SA,2016,26.650002,73.35
1689,South Asia (WB),WB_SA,2017,25.980003,74.02
1690,South Asia (WB),WB_SA,2018,25.260002,74.74
1691,South Asia (WB),WB_SA,2019,25.489998,74.51
1692,South Asia (WB),WB_SA,2020,24.760002,75.24
1693,South Asia (WB),WB_SA,2021,23.940002,76.06
1694,South Asia (WB),WB_SA,2022,23.099998,76.9
1695,South Asia (WB),WB_SA,2023,22.43,77.57
1696,South Asia (WB),WB_SA,2024,21.769997,78.23
1697,South Korea,KOR,1950,62.5,37.5
1698,South Korea,KOR,2008,2.0299988,97.97
1699,South Sudan,SSD,2008,73.17,26.83
1700,Spain,ESP,1475,97.0,3.0
1701,Spain,ESP,1550,96.0,4.0
1702,Spain,ESP,1650,95.0,5.0
1703,Spain,ESP,1750,92.0,8.0
1704,Spain,ESP,1900,58.7,41.3
1705,Spain,ESP,1910,52.2,47.8
1706,Spain,ESP,1920,44.0,56.0
1707,Spain,ESP,1940,23.2,76.8
1708,Spain,ESP,1950,17.5,82.5
1709,Spain,ESP,1981,7.1900024,92.81
1710,Spain,ESP,1991,3.5100021,96.49
1711,Spain,ESP,2004,2.8300018,97.17
1712,Spain,ESP,2005,2.25,97.75
1713,Spain,ESP,2006,2.25,97.75
1714,Spain,ESP,2007,2.0599976,97.94
1715,Spain,ESP,2008,2.3700027,97.63
1716,Spain,ESP,2009,2.3199997,97.68
1717,Spain,ESP,2010,2.25,97.75
1718,Spain,ESP,2011,2.2200012,97.78
1719,Spain,ESP,2012,2.1100006,97.89
1720,Spain,ESP,2013,1.9199982,98.08
1721,Spain,ESP,2014,1.9100037,98.09
1722,Spain,ESP,2015,1.8600006,98.14
1723,Spain,ESP,2016,1.75,98.25
1724,Spain,ESP,2018,1.5599976,98.44
1725,Spain,ESP,2020,1.4100037,98.59
1726,Spain,ESP,2021,0.30000305,99.7
1727,Sri Lanka,LKA,1901,73.6,26.4
1728,Sri Lanka,LKA,1911,69.0,31.0
1729,Sri Lanka,LKA,1921,60.1,39.9
1730,Sri Lanka,LKA,1946,42.2,57.8
1731,Sri Lanka,LKA,1950,37.5,62.5
1732,Sri Lanka,LKA,1981,13.220001,86.78
1733,Sri Lanka,LKA,2001,9.32,90.68
1734,Sri Lanka,LKA,2006,9.190002,90.81
1735,Sri Lanka,LKA,2008,9.440002,90.56
1736,Sri Lanka,LKA,2010,8.82,91.18
1737,Sri Lanka,LKA,2014,7.4653397,92.53466
1738,Sri Lanka,LKA,2015,7.446213,92.55379
1739,Sri Lanka,LKA,2016,7.6100006,92.39
1740,Sri Lanka,LKA,2017,8.099998,91.9
1741,Sri Lanka,LKA,2018,8.290001,91.71
1742,Sri Lanka,LKA,2019,7.75,92.25
1743,Sri Lanka,LKA,2020,7.6200027,92.38
1744,Sri Lanka,LKA,2021,7.5699997,92.43
1745,Sri Lanka,LKA,2022,7.510002,92.49
1746,Sri Lanka,LKA,2023,7.3399963,92.66
1747,Sri Lanka,LKA,2024,7.260002,92.74
1748,Sub-Saharan Africa (SDG),,1984,51.03,48.97
1749,Sub-Saharan Africa (SDG),,1985,50.66,49.34
1750,Sub-Saharan Africa (SDG),,1986,50.32,49.68
1751,Sub-Saharan Africa (SDG),,1987,49.65,50.35
1752,Sub-Saharan Africa (SDG),,1988,49.11,50.89
1753,Sub-Saharan Africa (SDG),,1989,48.56,51.44
1754,Sub-Saharan Africa (SDG),,1990,47.89,52.11
1755,Sub-Saharan Africa (SDG),,1991,47.52,52.48
1756,Sub-Saharan Africa (SDG),,1992,47.03,52.97
1757,Sub-Saharan Africa (SDG),,1993,46.42,53.58
1758,Sub-Saharan Africa (SDG),,1994,45.77,54.23
1759,Sub-Saharan Africa (SDG),,1995,45.35,54.65
1760,Sub-Saharan Africa (SDG),,1996,44.75,55.25
1761,Sub-Saharan Africa (SDG),,1997,43.97,56.03
1762,Sub-Saharan Africa (SDG),,1998,43.32,56.68
1763,Sub-Saharan Africa (SDG),,1999,42.46,57.54
1764,Sub-Saharan Africa (SDG),,2000,43.67,56.33
1765,Sub-Saharan Africa (SDG),,2001,42.91,57.09
1766,Sub-Saharan Africa (SDG),,2002,42.22,57.78
1767,Sub-Saharan Africa (SDG),,2003,41.71,58.29
1768,Sub-Saharan Africa (SDG),,2004,41.04,58.96
1769,Sub-Saharan Africa (SDG),,2005,41.42,58.58
1770,Sub-Saharan Africa (SDG),,2006,41.73,58.27
1771,Sub-Saharan Africa (SDG),,2007,41.97,58.03
1772,Sub-Saharan Africa (SDG),,2008,41.65,58.35
1773,Sub-Saharan Africa (SDG),,2009,41.19,58.81
1774,Sub-Saharan Africa (SDG),,2010,40.52,59.48
1775,Sub-Saharan Africa (SDG),,2011,38.8,61.2
1776,Sub-Saharan Africa (SDG),,2012,37.55,62.45
1777,Sub-Saharan Africa (SDG),,2013,36.66,63.34
1778,Sub-Saharan Africa (SDG),,2014,36.12,63.88
1779,Sub-Saharan Africa (SDG),,2015,35.53,64.47
1780,Sub-Saharan Africa (SDG),,2016,34.910004,65.09
1781,Sub-Saharan Africa (SDG),,2017,34.559998,65.44
1782,Sub-Saharan Africa (SDG),,2018,32.64,67.36
1783,Sub-Saharan Africa (SDG),,2019,32.010002,67.99
1784,Sub-Saharan Africa (SDG),,2020,31.839996,68.16
1785,Sub-Saharan Africa (SDG),,2021,31.89,68.11
1786,Sub-Saharan Africa (SDG),,2022,31.559998,68.44
1787,Sub-Saharan Africa (SDG),,2023,31.269997,68.73
1788,Sub-Saharan Africa (SDG),,2024,31.019997,68.98
1789,Sub-Saharan Africa (WB),WB_SSA,1985,50.34,49.66
1790,Sub-Saharan Africa (WB),WB_SSA,1986,50.01,49.99
1791,Sub-Saharan Africa (WB),WB_SSA,1987,49.37,50.63
1792,Sub-Saharan Africa (WB),WB_SSA,1988,48.86,51.14
1793,Sub-Saharan Africa (WB),WB_SSA,1989,48.32,51.68
1794,Sub-Saharan Africa (WB),WB_SSA,1990,47.68,52.32
1795,Sub-Saharan Africa (WB),WB_SSA,1991,47.33,52.67
1796,Sub-Saharan Africa (WB),WB_SSA,1992,46.86,53.14
1797,Sub-Saharan Africa (WB),WB_SSA,1993,46.28,53.72
1798,Sub-Saharan Africa (WB),WB_SSA,1994,45.66,54.34
1799,Sub-Saharan Africa (WB),WB_SSA,1995,45.26,54.74
1800,Sub-Saharan Africa (WB),WB_SSA,1996,44.63,55.37
1801,Sub-Saharan Africa (WB),WB_SSA,1997,43.84,56.16
1802,Sub-Saharan Africa (WB),WB_SSA,1998,43.17,56.83
1803,Sub-Saharan Africa (WB),WB_SSA,1999,42.3,57.7
1804,Sub-Saharan Africa (WB),WB_SSA,2000,43.43,56.57
1805,Sub-Saharan Africa (WB),WB_SSA,2001,42.66,57.34
1806,Sub-Saharan Africa (WB),WB_SSA,2002,41.95,58.05
1807,Sub-Saharan Africa (WB),WB_SSA,2003,41.42,58.58
1808,Sub-Saharan Africa (WB),WB_SSA,2004,40.74,59.26
1809,Sub-Saharan Africa (WB),WB_SSA,2005,41.06,58.94
1810,Sub-Saharan Africa (WB),WB_SSA,2006,41.97,58.03
1811,Sub-Saharan Africa (WB),WB_SSA,2007,42.17,57.83
1812,Sub-Saharan Africa (WB),WB_SSA,2008,41.83,58.17
1813,Sub-Saharan Africa (WB),WB_SSA,2009,41.35,58.65
1814,Sub-Saharan Africa (WB),WB_SSA,2010,40.68,59.32
1815,Sub-Saharan Africa (WB),WB_SSA,2011,38.99,61.01
1816,Sub-Saharan Africa (WB),WB_SSA,2012,37.76,62.24
1817,Sub-Saharan Africa (WB),WB_SSA,2013,36.88,63.12
1818,Sub-Saharan Africa (WB),WB_SSA,2014,36.33,63.67
1819,Sub-Saharan Africa (WB),WB_SSA,2015,35.739998,64.26
1820,Sub-Saharan Africa (WB),WB_SSA,2016,35.11,64.89
1821,Sub-Saharan Africa (WB),WB_SSA,2017,34.75,65.25
1822,Sub-Saharan Africa (WB),WB_SSA,2018,32.870003,67.13
1823,Sub-Saharan Africa (WB),WB_SSA,2019,32.269997,67.73
1824,Sub-Saharan Africa (WB),WB_SSA,2020,32.11,67.89
1825,Sub-Saharan Africa (WB),WB_SSA,2021,32.160004,67.84
1826,Sub-Saharan Africa (WB),WB_SSA,2022,31.849998,68.15
1827,Sub-Saharan Africa (WB),WB_SSA,2023,31.559998,68.44
1828,Sub-Saharan Africa (WB),WB_SSA,2024,31.309998,68.69
1829,Sudan,SDN,1950,92.5,7.5
1830,Sudan,SDN,2000,38.65,61.35
1831,Sudan,SDN,2008,46.48,53.52
1832,Suriname,SUR,1950,27.5,72.5
1833,Suriname,SUR,2004,10.400002,89.6
1834,Suriname,SUR,2008,5.3799973,94.62
1835,Suriname,SUR,2010,5.3199997,94.68
1836,Suriname,SUR,2012,7.1299973,92.87
1837,Sweden,SWE,1475,99.0,1.0
1838,Sweden,SWE,1550,99.0,1.0
1839,Sweden,SWE,1650,77.0,23.0
1840,Sweden,SWE,1750,52.0,48.0
1841,Sweden,SWE,1950,1.5,98.5
1842,Switzerland,CHE,1950,1.5,98.5
1843,Syria,SYR,1950,72.5,27.5
1844,Syria,SYR,1981,44.35,55.65
1845,Syria,SYR,2002,17.11,82.89
1846,Syria,SYR,2004,19.160004,80.84
1847,Syria,SYR,2021,5.580002,94.42
1848,Tajikistan,TJK,1989,2.3099976,97.69
1849,Tajikistan,TJK,2000,0.55000305,99.45
1850,Tajikistan,TJK,2003,2.649765,97.350235
1851,Tajikistan,TJK,2007,1.9706955,98.029305
1852,Tajikistan,TJK,2009,0.27012634,99.72987
1853,Tanzania,TZA,1950,92.5,7.5
1854,Tanzania,TZA,1988,40.89,59.11
1855,Tanzania,TZA,2002,30.57,69.43
1856,Tanzania,TZA,2012,21.900002,78.1
1857,Tanzania,TZA,2014,20.105057,79.89494
1858,Tanzania,TZA,2015,22.11,77.89
1859,Tanzania,TZA,2020,17.7639,82.2361
1860,Tanzania,TZA,2022,21.79,78.21
1861,Thailand,THA,1950,47.5,52.5
1862,Thailand,THA,1980,12.019997,87.98
1863,Thailand,THA,2000,7.3499985,92.65
1864,Thailand,THA,2005,6.489998,93.51
1865,Thailand,THA,2010,3.5699997,96.43
1866,Thailand,THA,2013,6.300003,93.7
1867,Thailand,THA,2015,7.1299973,92.87
1868,Thailand,THA,2016,8.019997,91.98
1869,Thailand,THA,2018,6.2300034,93.77
1870,Thailand,THA,2019,8.730003,91.27
1871,Thailand,THA,2022,8.900002,91.1
1872,Togo,TGO,1950,92.5,7.5
1873,Togo,TGO,2000,46.82,53.18
1874,Togo,TGO,2006,43.11,56.89
1875,Togo,TGO,2009,42.91,57.09
1876,Togo,TGO,2010,42.8,57.2
1877,Togo,TGO,2011,39.59,60.41
1878,Togo,TGO,2015,36.25,63.75
1879,Togo,TGO,2017,39.0463,60.9537
1880,Togo,TGO,2019,33.46,66.54
1881,Togo,TGO,2022,27.400002,72.6
1882,Tokelau,TKL,1950,4.0,96.0
1883,Tokelau,TKL,2022,0.0,100.0
1884,Tonga,TON,1950,7.5,92.5
1885,Tonga,TON,1976,0.41000366,99.59
1886,Tonga,TON,1996,1.0899963,98.91
1887,Tonga,TON,2006,0.98000336,99.02
1888,Tonga,TON,2011,0.6100006,99.39
1889,Tonga,TON,2016,2.8499985,97.15
1890,Tonga,TON,2019,8.949997,91.05
1891,Tonga,TON,2023,0.51999664,99.48
1892,Trinidad and Tobago,TTO,1950,22.5,77.5
1893,Trinidad and Tobago,TTO,1980,5.029999,94.97
1894,Trinidad and Tobago,TTO,1990,3.0599976,96.94
1895,Tunisia,TUN,1950,82.5,17.5
1896,Tunisia,TUN,1984,51.81,48.19
1897,Tunisia,TUN,2004,25.699997,74.3
1898,Tunisia,TUN,2007,22.809998,77.19
1899,Tunisia,TUN,2008,22.29,77.71
1900,Tunisia,TUN,2010,20.870003,79.13
1901,Tunisia,TUN,2011,20.349998,79.65
1902,Tunisia,TUN,2012,19.779999,80.22
1903,Tunisia,TUN,2014,20.96,79.04
1904,Tunisia,TUN,2018,20.519997,79.48
1905,Tunisia,TUN,2019,19.449997,80.55
1906,Tunisia,TUN,2021,16.32,83.68
1907,Tunisia,TUN,2023,13.75,86.25
1908,Turkey,TUR,1927,91.8,8.2
1909,Turkey,TUR,1935,79.6,20.4
1910,Turkey,TUR,1945,69.5,30.5
1911,Turkey,TUR,1950,67.5,32.5
1912,Turkey,TUR,1975,38.37,61.63
1913,Turkey,TUR,1980,34.309998,65.69
1914,Turkey,TUR,1985,24.029999,75.97
1915,Turkey,TUR,1990,20.769997,79.23
1916,Turkey,TUR,2004,12.629997,87.37
1917,Turkey,TUR,2005,11.769997,88.23
1918,Turkey,TUR,2006,11.879997,88.12
1919,Turkey,TUR,2007,11.339996,88.66
1920,Turkey,TUR,2009,9.18,90.82
1921,Turkey,TUR,2010,7.3399963,92.66
1922,Turkey,TUR,2011,5.8899994,94.11
1923,Turkey,TUR,2012,5.080002,94.92
1924,Turkey,TUR,2013,4.739998,95.26
1925,Turkey,TUR,2014,4.5599976,95.44
1926,Turkey,TUR,2015,4.4000015,95.6
1927,Turkey,TUR,2016,4.1399994,95.86
1928,Turkey,TUR,2017,3.8499985,96.15
1929,Turkey,TUR,2019,3.2600021,96.74
1930,Turkey,TUR,2021,2.7399979,97.26
1931,Turkmenistan,TKM,1995,1.2200012,98.78
1932,Turkmenistan,TKM,2022,0.099998474,99.9
1933,Tuvalu,TUV,2022,0.0,100.0
1934,USSR,OWID_USS,1950,7.5,92.5
1935,Uganda,UGA,1950,72.5,27.5
1936,Uganda,UGA,1991,43.89,56.11
1937,Uganda,UGA,2002,31.86,68.14
1938,Uganda,UGA,2006,28.629997,71.37
1939,Uganda,UGA,2010,26.79,73.21
1940,Uganda,UGA,2012,29.800003,70.2
1941,Uganda,UGA,2014,31.489998,68.51
1942,Uganda,UGA,2016,30.900002,69.1
1943,Uganda,UGA,2021,20.952347,79.04765
1944,Uganda,UGA,2023,19.489998,80.51
1945,Uganda,UGA,2024,22.96,77.04
1946,Ukraine,UKR,2001,0.5699997,99.43
1947,United Arab Emirates,ARE,1975,46.49,53.51
1948,United Arab Emirates,ARE,1985,28.760002,71.24
1949,United Arab Emirates,ARE,2005,9.970001,90.03
1950,United Arab Emirates,ARE,2019,2.2200012,97.78
1951,United Arab Emirates,ARE,2021,1.8700027,98.13
1952,United Arab Emirates,ARE,2022,1.7099991,98.29
1953,United Arab Emirates,ARE,2023,1.9400024,98.06
1954,United Arab Emirates,ARE,2024,1.1900024,98.81
1955,United Kingdom,GBR,1475,95.0,5.0
1956,United Kingdom,GBR,1550,84.0,16.0
1957,United Kingdom,GBR,1650,47.0,53.0
1958,United Kingdom,GBR,1750,46.0,54.0
1959,United Kingdom,GBR,1950,1.5,98.5
1960,United States,USA,1900,10.7,89.3
1961,United States,USA,1910,7.7,92.3
1962,United States,USA,1920,6.0,94.0
1963,United States,USA,1930,4.3,95.7
1964,United States,USA,1940,2.9,97.1
1965,United States,USA,1950,3.5,96.5
1966,United States Virgin Islands,VIR,1950,12.5,87.5
1967,Upper-middle-income countries,OWID_UMC,1974,33.54,66.46
1968,Upper-middle-income countries,OWID_UMC,1975,33.480003,66.52
1969,Upper-middle-income countries,OWID_UMC,1976,33.230003,66.77
1970,Upper-middle-income countries,OWID_UMC,1977,32.97,67.03
1971,Upper-middle-income countries,OWID_UMC,1978,31.970001,68.03
1972,Upper-middle-income countries,OWID_UMC,1979,30.89,69.11
1973,Upper-middle-income countries,OWID_UMC,1980,29.910004,70.09
1974,Upper-middle-income countries,OWID_UMC,1981,28.949997,71.05
1975,Upper-middle-income countries,OWID_UMC,1982,28.050003,71.95
1976,Upper-middle-income countries,OWID_UMC,1983,27.14,72.86
1977,Upper-middle-income countries,OWID_UMC,1984,26.07,73.93
1978,Upper-middle-income countries,OWID_UMC,1985,25.190002,74.81
1979,Upper-middle-income countries,OWID_UMC,1986,24.339996,75.66
1980,Upper-middle-income countries,OWID_UMC,1987,23.470001,76.53
1981,Upper-middle-income countries,OWID_UMC,1988,20.25,79.75
1982,Upper-middle-income countries,OWID_UMC,1989,19.629997,80.37
1983,Upper-middle-income countries,OWID_UMC,1990,18.919998,81.08
1984,Upper-middle-income countries,OWID_UMC,1991,18.370003,81.63
1985,Upper-middle-income countries,OWID_UMC,1992,17.800003,82.2
1986,Upper-middle-income countries,OWID_UMC,1993,17.260002,82.74
1987,Upper-middle-income countries,OWID_UMC,1994,16.739998,83.26
1988,Upper-middle-income countries,OWID_UMC,1995,16.169998,83.83
1989,Upper-middle-income countries,OWID_UMC,1996,15.68,84.32
1990,Upper-middle-income countries,OWID_UMC,1997,11.389999,88.61
1991,Upper-middle-income countries,OWID_UMC,1998,10.980003,89.02
1992,Upper-middle-income countries,OWID_UMC,1999,10.620003,89.38
1993,Upper-middle-income countries,OWID_UMC,2000,10.209999,89.79
1994,Upper-middle-income countries,OWID_UMC,2001,9.879997,90.12
1995,Upper-middle-income countries,OWID_UMC,2002,9.529999,90.47
1996,Upper-middle-income countries,OWID_UMC,2003,9.07,90.93
1997,Upper-middle-income countries,OWID_UMC,2004,8.720001,91.28
1998,Upper-middle-income countries,OWID_UMC,2005,8.459999,91.54
1999,Upper-middle-income countries,OWID_UMC,2006,8.160004,91.84
2000,Upper-middle-income countries,OWID_UMC,2007,7.1500015,92.85
2001,Upper-middle-income countries,OWID_UMC,2008,6.720001,93.28
2002,Upper-middle-income countries,OWID_UMC,2009,6.3399963,93.66
2003,Upper-middle-income countries,OWID_UMC,2010,6.2300034,93.77
2004,Upper-middle-income countries,OWID_UMC,2011,6.010002,93.99
2005,Upper-middle-income countries,OWID_UMC,2012,5.7300034,94.27
2006,Upper-middle-income countries,OWID_UMC,2013,5.6299973,94.37
2007,Upper-middle-income countries,OWID_UMC,2014,5.25,94.75
2008,Upper-middle-income countries,OWID_UMC,2015,5.1100006,94.89
2009,Upper-middle-income countries,OWID_UMC,2016,4.8799973,95.12
2010,Upper-middle-income countries,OWID_UMC,2017,4.8399963,95.16
2011,Upper-middle-income countries,OWID_UMC,2018,4.6800003,95.32
2012,Upper-middle-income countries,OWID_UMC,2019,4.3799973,95.62
2013,Upper-middle-income countries,OWID_UMC,2020,4.2699966,95.73
2014,Upper-middle-income countries,OWID_UMC,2021,4.239998,95.76
2015,Upper-middle-income countries,OWID_UMC,2022,4.0899963,95.91
2016,Upper-middle-income countries,OWID_UMC,2023,3.959999,96.04
2017,Upper-middle-income countries,OWID_UMC,2024,3.8300018,96.17
2018,Uruguay,URY,1950,17.5,82.5
2019,Uruguay,URY,1975,6.1399994,93.86
2020,Uruguay,URY,1985,4.6200027,95.38
2021,Uruguay,URY,1996,3.2200012,96.78
2022,Uruguay,URY,2006,2.209999,97.79
2023,Uruguay,URY,2007,2.1399994,97.86
2024,Uruguay,URY,2008,1.8399963,98.16
2025,Uruguay,URY,2009,1.7399979,98.26
2026,Uruguay,URY,2010,1.9300003,98.07
2027,Uruguay,URY,2011,1.6600037,98.34
2028,Uruguay,URY,2012,1.5999985,98.4
2029,Uruguay,URY,2013,1.6399994,98.36
2030,Uruguay,URY,2014,1.5599976,98.44
2031,Uruguay,URY,2015,1.4800034,98.52
2032,Uruguay,URY,2016,1.4400024,98.56
2033,Uruguay,URY,2017,1.3799973,98.62
2034,Uruguay,URY,2018,1.300003,98.7
2035,Uruguay,URY,2019,1.2300034,98.77
2036,Uruguay,URY,2020,1.0403824,98.95962
2037,Uruguay,URY,2022,1.1500015,98.85
2038,Uruguay,URY,2023,1.1745071,98.82549
2039,Uruguay,URY,2024,1.0899963,98.91
2040,Uzbekistan,UZB,2000,1.3600006,98.64
2041,Uzbekistan,UZB,2013,0.010002136,99.99
2042,Uzbekistan,UZB,2014,0.019996643,99.98
2043,Uzbekistan,UZB,2015,0.019996643,99.98
2044,Uzbekistan,UZB,2016,0.010002136,99.99
2045,Uzbekistan,UZB,2018,0.010002136,99.99
2046,Uzbekistan,UZB,2019,0.0,100.0
2047,Uzbekistan,UZB,2021,0.0,100.0
2048,Uzbekistan,UZB,2022,0.0,100.0
2049,Vanuatu,VUT,1950,67.5,32.5
2050,Vanuatu,VUT,1979,47.13,52.87
2051,Vanuatu,VUT,1999,26.0,74.0
2052,Vanuatu,VUT,2019,7.525551,92.47445
2053,Vanuatu,VUT,2020,10.206902,89.7931
2054,Vanuatu,VUT,2023,12.040001,87.96
2055,Venezuela,VEN,1950,47.5,52.5
2056,Venezuela,VEN,1981,15.269997,84.73
2057,Venezuela,VEN,1990,10.169998,89.83
2058,Venezuela,VEN,2001,7.0199966,92.98
2059,Venezuela,VEN,2005,5.6292953,94.370705
2060,Venezuela,VEN,2006,5.337929,94.66207
2061,Venezuela,VEN,2007,4.8499985,95.15
2062,Venezuela,VEN,2008,4.688301,95.3117
2063,Venezuela,VEN,2009,4.489998,95.51
2064,Venezuela,VEN,2010,4.607582,95.39242
2065,Venezuela,VEN,2011,5.2300034,94.77
2066,Venezuela,VEN,2012,4.0128098,95.98719
2067,Venezuela,VEN,2015,3.3899994,96.61
2068,Venezuela,VEN,2016,2.8700027,97.13
2069,Venezuela,VEN,2017,2.8162842,97.183716
2070,Vietnam,VNM,1950,82.5,17.5
2071,Vietnam,VNM,1979,16.169998,83.83
2072,Vietnam,VNM,1989,12.400002,87.6
2073,Vietnam,VNM,1999,9.720001,90.28
2074,Vietnam,VNM,2000,9.839996,90.16
2075,Vietnam,VNM,2009,6.4800034,93.52
2076,Vietnam,VNM,2019,4.25,95.75
2077,Vietnam,VNM,2022,3.8700027,96.13
2078,Wallis and Futuna,WLF,2018,0.6794739,99.320526
2079,Wallis and Futuna,WLF,2019,0.6865845,99.313416
2080,Wallis and Futuna,WLF,2020,3.449997,96.55
2081,Wallis and Futuna,WLF,2023,0.5642395,99.43576
2082,Western Europe (Buringh and van Zanden),,1475,88.0,12.0
2083,Western Europe (Buringh and van Zanden),,1550,82.0,18.0
2084,Western Europe (Buringh and van Zanden),,1650,75.0,25.0
2085,Western Europe (Buringh and van Zanden),,1750,69.0,31.0
2086,World,OWID_WRL,1820,87.95331,12.046689
2087,World,OWID_WRL,1870,81.259445,18.740555
2088,World,OWID_WRL,1880,80.371544,19.628456
2089,World,OWID_WRL,1890,79.48364,20.516357
2090,World,OWID_WRL,1900,78.59574,21.404259
2091,World,OWID_WRL,1910,73.5544,26.445602
2092,World,OWID_WRL,1920,68.37684,31.623163
2093,World,OWID_WRL,1930,67.47237,32.52763
2094,World,OWID_WRL,1940,58.120777,41.879223
2095,World,OWID_WRL,1950,64.04062,35.959377
2096,World,OWID_WRL,1960,58.379623,41.620377
2097,World,OWID_WRL,1975,34.58,65.42
2098,World,OWID_WRL,1976,34.43,65.57
2099,World,OWID_WRL,1977,34.120003,65.88
2100,World,OWID_WRL,1978,33.5,66.5
2101,World,OWID_WRL,1979,32.85,67.15
2102,World,OWID_WRL,1980,32.239998,67.76
2103,World,OWID_WRL,1981,31.650002,68.35
2104,World,OWID_WRL,1982,31.07,68.93
2105,World,OWID_WRL,1983,30.510002,69.49
2106,World,OWID_WRL,1984,29.849998,70.15
2107,World,OWID_WRL,1985,29.269997,70.73
2108,World,OWID_WRL,1986,28.730003,71.27
2109,World,OWID_WRL,1987,28.059998,71.94
2110,World,OWID_WRL,1988,26.449997,73.55
2111,World,OWID_WRL,1989,25.93,74.07
2112,World,OWID_WRL,1990,25.370003,74.63
2113,World,OWID_WRL,1991,24.940002,75.06
2114,World,OWID_WRL,1992,24.489998,75.51
2115,World,OWID_WRL,1993,24.029999,75.97
2116,World,OWID_WRL,1994,23.580002,76.42
2117,World,OWID_WRL,1995,23.129997,76.87
2118,World,OWID_WRL,1996,22.699997,77.3
2119,World,OWID_WRL,1997,20.699997,79.3
2120,World,OWID_WRL,1998,19.480003,80.52
2121,World,OWID_WRL,1999,19.099998,80.9
2122,World,OWID_WRL,2000,18.879997,81.12
2123,World,OWID_WRL,2001,18.629997,81.37
2124,World,OWID_WRL,2002,18.260002,81.74
2125,World,OWID_WRL,2003,17.779999,82.22
2126,World,OWID_WRL,2004,17.440002,82.56
2127,World,OWID_WRL,2005,17.43,82.57
2128,World,OWID_WRL,2006,17.470001,82.53
2129,World,OWID_WRL,2007,16.879997,83.12
2130,World,OWID_WRL,2008,16.519997,83.48
2131,World,OWID_WRL,2009,16.199997,83.8
2132,World,OWID_WRL,2010,15.629997,84.37
2133,World,OWID_WRL,2011,15.290001,84.71
2134,World,OWID_WRL,2012,15.089996,84.91
2135,World,OWID_WRL,2013,14.790001,85.21
2136,World,OWID_WRL,2014,14.440002,85.56
2137,World,OWID_WRL,2015,14.040001,85.96
2138,World,OWID_WRL,2016,13.720001,86.28
2139,World,OWID_WRL,2017,13.529999,86.47
2140,World,OWID_WRL,2018,13.239998,86.76
2141,World,OWID_WRL,2019,13.209999,86.79
2142,World,OWID_WRL,2020,13.019997,86.98
2143,World,OWID_WRL,2021,12.830002,87.17
2144,World,OWID_WRL,2022,12.610001,87.39
2145,World,OWID_WRL,2023,12.419998,87.58
2146,World,OWID_WRL,2024,12.260002,87.74
2147,Yemen,YEM,1950,97.0,3.0
2148,Yemen,YEM,1994,62.91,37.09
2149,Yugoslavia,OWID_YGS,1931,44.6,55.4
2150,Yugoslavia,OWID_YGS,1948,25.4,74.6
2151,Yugoslavia,OWID_YGS,1950,27.5,72.5
2152,Zambia,ZMB,1950,77.5,22.5
2153,Zambia,ZMB,1990,35.0,65.0
2154,Zambia,ZMB,1999,32.0,68.0
2155,Zambia,ZMB,2002,30.849998,69.15
2156,Zambia,ZMB,2010,16.86,83.14
2157,Zambia,ZMB,2018,28.870003,71.13
2158,Zambia,ZMB,2020,18.246994,81.753006
2159,Zambia,ZMB,2021,20.050537,79.94946
2160,Zambia,ZMB,2022,20.015854,79.984146
2161,Zambia,ZMB,2024,28.230003,71.77
2162,Zanzibar,OWID_ZAN,1950,92.5,7.5
2163,Zimbabwe,ZWE,1950,77.5,22.5
2164,Zimbabwe,ZWE,1982,22.21,77.79
2165,Zimbabwe,ZWE,1992,16.489998,83.51
2166,Zimbabwe,ZWE,2019,6.7699966,93.23
