,entity,code,year,youth_literacy_rate__population_15_24_years__male__pct__lr_ag15t24_m,youth_literacy_rate__population_15_24_years__female__pct__lr_ag15t24_f,owid_region
0,Afghanistan,AFG,1979,45.8,11.14,Asia
1,Afghanistan,AFG,2011,61.88,32.11,Asia
2,Afghanistan,AFG,2015,57.74,25.48,Asia
3,Afghanistan,AFG,2020,68.800964,40.055595,Asia
4,Afghanistan,AFG,2021,71.24,41.59,Asia
5,Afghanistan,AFG,2022,83.4,44.17,Asia
6,Albania,ALB,2001,99.37,99.5,Europe
7,Albania,ALB,2005,,99.49,Europe
8,Albania,ALB,2008,98.54,99.12,Europe
9,Albania,ALB,2009,94.82,96.61,Europe
10,Albania,ALB,2011,98.73,98.86,Europe
11,Albania,ALB,2012,99.38,99.02,Europe
12,Albania,ALB,2017,98.59,99.53,Europe
13,Albania,ALB,2023,98.92,99.21,Europe
14,Algeria,DZA,1987,86.23,62.21,Africa
15,Algeria,DZA,2002,94.06,86.13,Africa
16,Algeria,DZA,2006,94.38,89.14,Africa
17,Algeria,DZA,2008,95.75,91.74,Africa
18,Algeria,DZA,2019,,97.99,Africa
19,American Samoa,ASM,1980,97.89,97.44,Oceania
20,Angola,AGO,2001,83.78,63.18,Africa
21,Angola,AGO,2014,84.86,70.59,Africa
22,Angola,AGO,2015,83.97,67.43,Africa
23,Angola,AGO,2023,87.79,73.41,Africa
24,Anguilla,AIA,1984,99.12,99.1,North America
25,Argentina,ARG,1980,96.46,97.3,South America
26,Argentina,ARG,1991,98.07,98.54,South America
27,Argentina,ARG,2001,98.71,99.13,South America
28,Argentina,ARG,2020,99.48,99.87,South America
29,Armenia,ARM,1989,99.91,99.91,Asia
30,Armenia,ARM,2000,100.0,100.0,Asia
31,Armenia,ARM,2001,99.75,99.86,Asia
32,Armenia,ARM,2011,99.82,99.88,Asia
33,Armenia,ARM,2016,99.82,99.88,Asia
34,Armenia,ARM,2017,99.82,99.87,Asia
35,Armenia,ARM,2018,100.0,100.0,Asia
36,Armenia,ARM,2019,100.0,100.0,Asia
37,Armenia,ARM,2020,99.85,99.9,Asia
38,Armenia,ARM,2022,99.65,99.92,Asia
39,Armenia,ARM,2023,99.91,99.87,Asia
40,Aruba,ABW,2000,98.88,99.17,North America
41,Aruba,ABW,2010,98.97,99.32,North America
42,Azerbaijan,AZE,1999,99.87,99.9,Asia
43,Azerbaijan,AZE,2006,100.0,100.0,Asia
44,Azerbaijan,AZE,2007,99.99,99.99,Asia
45,Azerbaijan,AZE,2009,99.96,99.95,Asia
46,Azerbaijan,AZE,2010,99.97,99.93,Asia
47,Azerbaijan,AZE,2011,99.96,99.93,Asia
48,Azerbaijan,AZE,2012,99.95,99.92,Asia
49,Azerbaijan,AZE,2013,99.98,99.93,Asia
50,Azerbaijan,AZE,2014,99.98,99.94,Asia
51,Azerbaijan,AZE,2015,99.96,99.92,Asia
52,Azerbaijan,AZE,2016,99.96,99.92,Asia
53,Azerbaijan,AZE,2017,99.96,99.91,Asia
54,Azerbaijan,AZE,2019,99.96,99.91,Asia
55,Azerbaijan,AZE,2023,99.88,99.88,Asia
56,Bahrain,BHR,1981,89.69,82.08,Asia
57,Bahrain,BHR,1991,97.26,96.58,Asia
58,Bahrain,BHR,2001,96.83,97.25,Asia
59,Bahrain,BHR,2022,99.38,98.95,Asia
60,Bahrain,BHR,2023,99.28,99.21,Asia
61,Bahrain,BHR,2024,99.51,99.53,Asia
62,Bangladesh,BGD,1981,44.36,27.15,Asia
63,Bangladesh,BGD,1991,51.74,37.99,Asia
64,Bangladesh,BGD,2000,100.0,100.0,Asia
65,Bangladesh,BGD,2001,67.16,60.26,Asia
66,Bangladesh,BGD,2006,,87.2,Asia
67,Bangladesh,BGD,2007,90.51,77.09,Asia
68,Bangladesh,BGD,2011,76.4,79.54,Asia
69,Bangladesh,BGD,2012,76.28,79.37,Asia
70,Bangladesh,BGD,2013,84.09,86.93,Asia
71,Bangladesh,BGD,2014,84.63,86.48,Asia
72,Bangladesh,BGD,2015,86.19,89.54,Asia
73,Bangladesh,BGD,2016,90.91,93.54,Asia
74,Bangladesh,BGD,2017,91.54,94.38,Asia
75,Bangladesh,BGD,2018,91.8,94.91,Asia
76,Bangladesh,BGD,2019,93.7,96.09,Asia
77,Bangladesh,BGD,2020,93.16,95.86,Asia
78,Bangladesh,BGD,2021,93.76,95.86,Asia
79,Bangladesh,BGD,2022,92.39,94.45,Asia
80,Barbados,BRB,1970,99.72,99.8,North America
81,Barbados,BRB,2012,100.0,100.0,North America
82,Belarus,BLR,1989,99.73,99.8,Europe
83,Belarus,BLR,1999,99.76,99.83,Europe
84,Belarus,BLR,2005,,99.98,Europe
85,Belarus,BLR,2009,99.8,99.85,Europe
86,Belarus,BLR,2012,100.0,100.0,Europe
87,Belarus,BLR,2019,99.85,99.9,Europe
88,Belize,BLZ,1991,77.26,78.02,North America
89,Belize,BLZ,2000,83.9,84.54,North America
90,Belize,BLZ,2006,,95.13,North America
91,Belize,BLZ,2011,,96.6,North America
92,Belize,BLZ,2015,97.83,98.08,North America
93,Belize,BLZ,2022,95.67,96.63,North America
94,Benin,BEN,1979,45.71,18.26,Africa
95,Benin,BEN,1992,55.13,26.69,Africa
96,Benin,BEN,2001,61.08,31.85,Africa
97,Benin,BEN,2002,59.21,33.24,Africa
98,Benin,BEN,2006,72.07,39.53,Africa
99,Benin,BEN,2011,,48.456245,Africa
100,Benin,BEN,2013,71.6,53.48,Africa
101,Benin,BEN,2017,66.8,50.99,Africa
102,Benin,BEN,2019,76.35,62.76,Africa
103,Benin,BEN,2021,70.97,59.19,Africa
104,Benin,BEN,2022,74.6,67.94,Africa
105,Bhutan,BTN,2005,80.04,67.96,Asia
106,Bhutan,BTN,2010,,63.34,Asia
107,Bhutan,BTN,2012,90.4,82.18,Asia
108,Bhutan,BTN,2017,93.27,92.89,Asia
109,Bhutan,BTN,2022,98.28,97.23,Asia
110,Bolivia,BOL,1976,91.47,75.84,South America
111,Bolivia,BOL,1992,96.32,91.57,South America
112,Bolivia,BOL,2000,98.4,96.3,South America
113,Bolivia,BOL,2001,98.55,96.11,South America
114,Bolivia,BOL,2002,99.1,97.1,South America
115,Bolivia,BOL,2003,99.47,96.67,South America
116,Bolivia,BOL,2004,99.6,98.6,South America
117,Bolivia,BOL,2005,99.3,98.4,South America
118,Bolivia,BOL,2006,99.4,97.4,South America
119,Bolivia,BOL,2007,99.75,99.14,South America
120,Bolivia,BOL,2008,99.39,98.88,South America
121,Bolivia,BOL,2009,99.69,99.08,South America
122,Bolivia,BOL,2011,99.25,98.77,South America
123,Bolivia,BOL,2012,99.16,98.83,South America
124,Bolivia,BOL,2013,99.5,99.2,South America
125,Bolivia,BOL,2014,99.7,99.2,South America
126,Bolivia,BOL,2015,99.39,99.4,South America
127,Bolivia,BOL,2016,99.5,99.3,South America
128,Bolivia,BOL,2017,99.4,99.3,South America
129,Bolivia,BOL,2018,99.7,99.4,South America
130,Bolivia,BOL,2019,99.7,99.4,South America
131,Bolivia,BOL,2020,99.58,99.53,South America
132,Bolivia,BOL,2021,99.5,99.5,South America
133,Bolivia,BOL,2023,99.43,99.6,South America
134,Bolivia,BOL,2024,99.85,99.7,South America
135,Bosnia and Herzegovina,BIH,1991,99.29,98.74,Europe
136,Bosnia and Herzegovina,BIH,2000,99.75,99.84,Europe
137,Bosnia and Herzegovina,BIH,2006,,99.82,Europe
138,Bosnia and Herzegovina,BIH,2013,99.66,99.67,Europe
139,Botswana,BWA,1991,85.9,92.25,Africa
140,Botswana,BWA,2003,92.08,95.6,Africa
141,Brazil,BRA,1980,82.56,85.24,South America
142,Brazil,BRA,2000,92.65,95.72,South America
143,Brazil,BRA,2001,94.7,96.9,South America
144,Brazil,BRA,2002,95.1,97.5,South America
145,Brazil,BRA,2003,95.6,97.7,South America
146,Brazil,BRA,2004,95.78,97.9,South America
147,Brazil,BRA,2005,96.1,98.1,South America
148,Brazil,BRA,2006,96.8,98.36,South America
149,Brazil,BRA,2007,97.06,98.56,South America
150,Brazil,BRA,2008,97.18,98.53,South America
151,Brazil,BRA,2009,97.45,98.69,South America
152,Brazil,BRA,2010,96.72,98.32,South America
153,Brazil,BRA,2011,97.91,99.07,South America
154,Brazil,BRA,2012,98.23,99.02,South America
155,Brazil,BRA,2013,98.25,99.23,South America
156,Brazil,BRA,2014,98.45,99.25,South America
157,Brazil,BRA,2015,98.6,99.35,South America
158,Brazil,BRA,2016,98.78,99.46,South America
159,Brazil,BRA,2017,98.84,99.48,South America
160,Brazil,BRA,2018,98.98,99.43,South America
161,Brazil,BRA,2019,98.7,99.5,South America
162,Brazil,BRA,2020,99.0,99.5,South America
163,Brazil,BRA,2021,99.1,99.5,South America
164,Brazil,BRA,2022,99.0,99.6,South America
165,Brazil,BRA,2023,99.0,99.6,South America
166,Brazil,BRA,2024,99.24,99.69,South America
167,Brunei,BRN,1981,94.06,93.24,Asia
168,Brunei,BRN,1991,98.11,98.08,Asia
169,Brunei,BRN,2001,98.87,98.91,Asia
170,Brunei,BRN,2011,99.2,99.55,Asia
171,Bulgaria,BGR,2001,98.31,98.11,Europe
172,Bulgaria,BGR,2011,98.07,97.65,Europe
173,Burkina Faso,BFA,1975,22.38,6.66,Africa
174,Burkina Faso,BFA,1991,26.79,14.17,Africa
175,Burkina Faso,BFA,1996,25.48,13.99,Africa
176,Burkina Faso,BFA,2003,38.38,24.81,Africa
177,Burkina Faso,BFA,2005,40.38,26.48,Africa
178,Burkina Faso,BFA,2006,39.82,26.53,Africa
179,Burkina Faso,BFA,2007,46.73,33.13,Africa
180,Burkina Faso,BFA,2010,47.04,27.24,Africa
181,Burkina Faso,BFA,2014,56.99,43.99,Africa
182,Burkina Faso,BFA,2018,63.86,54.45,Africa
183,Burkina Faso,BFA,2019,51.15,43.56,Africa
184,Burkina Faso,BFA,2021,66.65,58.76,Africa
185,Burkina Faso,BFA,2022,65.47,60.57,Africa
186,Burkina Faso,BFA,2023,,67.07696,Africa
187,Burundi,BDI,1979,40.93,21.49,Africa
188,Burundi,BDI,1990,59.5,48.01,Africa
189,Burundi,BDI,2000,76.78,70.37,Africa
190,Burundi,BDI,2005,,52.83,Africa
191,Burundi,BDI,2008,66.61,57.32,Africa
192,Burundi,BDI,2010,82.66,66.51,Africa
193,Burundi,BDI,2014,85.29,74.96,Africa
194,Burundi,BDI,2016,86.76,82.09,Africa
195,Burundi,BDI,2017,91.03,85.62,Africa
196,Burundi,BDI,2020,88.23915,88.52026,Africa
197,Cambodia,KHM,1998,81.85,71.07,Asia
198,Cambodia,KHM,2000,,54.67,Asia
199,Cambodia,KHM,2004,87.92,78.9,Asia
200,Cambodia,KHM,2005,100.0,67.33,Asia
201,Cambodia,KHM,2008,89.38,85.53,Asia
202,Cambodia,KHM,2009,88.36,85.85,Asia
203,Cambodia,KHM,2010,80.6,78.02,Asia
204,Cambodia,KHM,2013,91.27,90.23,Asia
205,Cambodia,KHM,2014,89.92,90.37,Asia
206,Cambodia,KHM,2015,91.86,92.57,Asia
207,Cambodia,KHM,2019,94.41,95.1,Asia
208,Cambodia,KHM,2020,93.20434,95.40721,Asia
209,Cambodia,KHM,2021,90.31,93.51,Asia
210,Cambodia,KHM,2023,95.8949,97.25976,Asia
211,Cameroon,CMR,1976,79.59,59.06,Africa
212,Cameroon,CMR,2000,88.42,77.96,Africa
213,Cameroon,CMR,2004,81.39,67.65,Africa
214,Cameroon,CMR,2006,,64.67,Africa
215,Cameroon,CMR,2007,89.42,77.48,Africa
216,Cameroon,CMR,2010,85.4,76.42,Africa
217,Cameroon,CMR,2011,86.92,73.41,Africa
218,Cameroon,CMR,2018,87.6,76.39,Africa
219,Cape Verde,CPV,1990,89.95,86.42,Africa
220,Cape Verde,CPV,2009,96.15344,97.89744,Africa
221,Cape Verde,CPV,2012,97.87,98.4,Africa
222,Cape Verde,CPV,2015,97.59,98.73,Africa
223,Cape Verde,CPV,2024,98.46,98.16,Africa
224,Cayman Islands,CYM,2007,99.14,98.62,North America
225,Cayman Islands,CYM,2017,99.14,98.62,North America
226,Central African Republic,CAF,1975,56.26,20.34,Africa
227,Central African Republic,CAF,1988,62.56,34.85,Africa
228,Central African Republic,CAF,2000,72.59,49.02,Africa
229,Central African Republic,CAF,2006,,21.51,Africa
230,Central African Republic,CAF,2010,,27.63,Africa
231,Central African Republic,CAF,2019,64.9,36.68,Africa
232,Central and Southern Asia (SDG),,1975,63.86,36.13,
233,Central and Southern Asia (SDG),,1976,63.86,36.18,
234,Central and Southern Asia (SDG),,1977,64.29,37.29,
235,Central and Southern Asia (SDG),,1978,64.63,38.4,
236,Central and Southern Asia (SDG),,1979,64.89,39.51,
237,Central and Southern Asia (SDG),,1980,65.08,40.51,
238,Central and Southern Asia (SDG),,1981,65.13,41.38,
239,Central and Southern Asia (SDG),,1982,65.34,42.47,
240,Central and Southern Asia (SDG),,1983,65.51,43.58,
241,Central and Southern Asia (SDG),,1984,65.62,44.66,
242,Central and Southern Asia (SDG),,1985,65.78,45.73,
243,Central and Southern Asia (SDG),,1986,65.97,46.83,
244,Central and Southern Asia (SDG),,1987,66.23,47.89,
245,Central and Southern Asia (SDG),,1988,69.02,45.87,
246,Central and Southern Asia (SDG),,1989,69.85,47.49,
247,Central and Southern Asia (SDG),,1990,70.73,49.31,
248,Central and Southern Asia (SDG),,1991,71.37,50.84,
249,Central and Southern Asia (SDG),,1992,72.68,52.29,
250,Central and Southern Asia (SDG),,1993,73.97,53.72,
251,Central and Southern Asia (SDG),,1994,74.59,55.25,
252,Central and Southern Asia (SDG),,1995,75.26,56.93,
253,Central and Southern Asia (SDG),,1996,75.91,58.46,
254,Central and Southern Asia (SDG),,1997,76.52,59.81,
255,Central and Southern Asia (SDG),,1998,80.42,62.44,
256,Central and Southern Asia (SDG),,1999,81.01,64.23,
257,Central and Southern Asia (SDG),,2000,81.5,65.93,
258,Central and Southern Asia (SDG),,2001,81.98,67.56,
259,Central and Southern Asia (SDG),,2002,82.5,69.17,
260,Central and Southern Asia (SDG),,2003,83.58,70.39,
261,Central and Southern Asia (SDG),,2004,83.99,71.89,
262,Central and Southern Asia (SDG),,2005,85.56,72.11,
263,Central and Southern Asia (SDG),,2006,84.48,73.06,
264,Central and Southern Asia (SDG),,2007,84.73,74.58,
265,Central and Southern Asia (SDG),,2008,85.62,76.15,
266,Central and Southern Asia (SDG),,2009,86.09,77.68,
267,Central and Southern Asia (SDG),,2010,87.63,79.07,
268,Central and Southern Asia (SDG),,2011,87.71,80.12,
269,Central and Southern Asia (SDG),,2012,88.06,80.96,
270,Central and Southern Asia (SDG),,2013,89.14,82.66,
271,Central and Southern Asia (SDG),,2014,89.48,83.8,
272,Central and Southern Asia (SDG),,2015,90.08,85.19,
273,Central and Southern Asia (SDG),,2016,90.82,86.56,
274,Central and Southern Asia (SDG),,2017,91.22,87.13,
275,Central and Southern Asia (SDG),,2018,91.15,86.92,
276,Central and Southern Asia (SDG),,2019,93.78,89.29,
277,Central and Southern Asia (SDG),,2020,94.02,89.96,
278,Central and Southern Asia (SDG),,2021,94.32,90.62,
279,Central and Southern Asia (SDG),,2022,94.46,91.15,
280,Central and Southern Asia (SDG),,2023,94.74,91.82,
281,Central and Southern Asia (SDG),,2024,94.98,92.42,
282,Chad,TCD,1993,26.25,8.95,Africa
283,Chad,TCD,2000,55.69,23.24,Africa
284,Chad,TCD,2004,53.71,30.77,Africa
285,Chad,TCD,2010,,16.88,Africa
286,Chad,TCD,2016,40.69,22.39,Africa
287,Chad,TCD,2019,56.26,33.32,Africa
288,Chile,CHL,1982,96.18,97.12,South America
289,Chile,CHL,1992,98.16,98.7,South America
290,Chile,CHL,2000,98.9,99.3,South America
291,Chile,CHL,2002,98.8,99.18,South America
292,Chile,CHL,2003,98.9,99.4,South America
293,Chile,CHL,2006,98.9,99.3,South America
294,Chile,CHL,2009,99.2,99.5,South America
295,Chile,CHL,2011,99.21,99.61,South America
296,Chile,CHL,2013,99.01,99.09,South America
297,Chile,CHL,2015,99.27,99.44,South America
298,Chile,CHL,2017,99.01,99.01,South America
299,Chile,CHL,2022,99.1,99.5,South America
300,China,CHN,1982,95.21,82.1,Asia
301,China,CHN,1990,96.98,91.45,Asia
302,China,CHN,2000,99.2,98.5,Asia
303,China,CHN,2010,99.69,99.59,Asia
304,China,CHN,2020,99.75,99.76,Asia
305,Colombia,COL,1993,94.64,96.28,South America
306,Colombia,COL,1996,96.39,97.57,South America
307,Colombia,COL,2000,,100.0,South America
308,Colombia,COL,2002,96.9,98.0,South America
309,Colombia,COL,2003,96.7,98.3,South America
310,Colombia,COL,2004,97.55,98.41,South America
311,Colombia,COL,2005,97.52,98.37,South America
312,Colombia,COL,2006,97.53,98.19,South America
313,Colombia,COL,2007,97.48,98.42,South America
314,Colombia,COL,2008,97.55,98.43,South America
315,Colombia,COL,2009,97.44,98.43,South America
316,Colombia,COL,2010,97.68,98.52,South America
317,Colombia,COL,2011,97.76,98.72,South America
318,Colombia,COL,2012,97.8,98.7,South America
319,Colombia,COL,2013,97.8,98.8,South America
320,Colombia,COL,2014,98.11,98.97,South America
321,Colombia,COL,2015,98.16,98.92,South America
322,Colombia,COL,2016,98.31,99.03,South America
323,Colombia,COL,2017,98.3,99.0,South America
324,Colombia,COL,2018,98.63,99.07,South America
325,Colombia,COL,2019,98.5,99.16,South America
326,Colombia,COL,2020,98.73,99.29,South America
327,Colombia,COL,2021,98.8,99.4,South America
328,Colombia,COL,2022,98.6,99.2,South America
329,Colombia,COL,2023,98.7,99.2,South America
330,Colombia,COL,2024,98.42,99.53,South America
331,Comoros,COM,1980,69.36,54.9,Africa
332,Comoros,COM,2000,83.95,77.56,Africa
333,Comoros,COM,2012,85.0,78.59,Africa
334,Comoros,COM,2014,87.35409,84.79115,Africa
335,Comoros,COM,2021,90.2747,91.43615,Africa
336,Congo,COG,1984,92.42,82.83,Africa
337,Congo,COG,2005,88.25,70.54,Africa
338,Costa Rica,CRI,1984,96.75,97.54,North America
339,Costa Rica,CRI,2000,97.2,98.04,North America
340,Costa Rica,CRI,2011,99.01,99.26,North America
341,Costa Rica,CRI,2018,,99.63,North America
342,Cote d'Ivoire,CIV,1988,59.93,37.85,Africa
343,Cote d'Ivoire,CIV,1998,54.4,39.85,Africa
344,Cote d'Ivoire,CIV,2000,70.84,52.13,Africa
345,Cote d'Ivoire,CIV,2006,,38.57,Africa
346,Cote d'Ivoire,CIV,2014,59.12,47.04,Africa
347,Cote d'Ivoire,CIV,2016,71.99,54.74,Africa
348,Cote d'Ivoire,CIV,2019,76.12893,61.00851,Africa
349,Cote d'Ivoire,CIV,2021,76.16,58.32,Africa
350,Cote d'Ivoire,CIV,2022,82.1118,,Africa
351,Croatia,HRV,1991,99.67,99.6,Europe
352,Croatia,HRV,2001,99.64,99.65,Europe
353,Cuba,CUB,2002,99.96,99.95,North America
354,Cuba,CUB,2012,99.86,99.9,North America
355,Cuba,CUB,2019,99.53,99.71,North America
356,Cyprus,CYP,1992,99.58,99.66,Europe
357,Cyprus,CYP,2001,99.74,99.82,Europe
358,Cyprus,CYP,2011,99.8,99.84,Europe
359,Democratic Republic of Congo,COD,2001,77.98,63.09,Africa
360,Democratic Republic of Congo,COD,2007,87.36,62.97,Africa
361,Democratic Republic of Congo,COD,2010,,64.32,Africa
362,Democratic Republic of Congo,COD,2012,91.05,76.66,Africa
363,Democratic Republic of Congo,COD,2013,92.56,76.58,Africa
364,Democratic Republic of Congo,COD,2016,90.96,79.71,Africa
365,Democratic Republic of Congo,COD,2018,90.82,77.54,Africa
366,Democratic Republic of Congo,COD,2020,,68.61347,Africa
367,Democratic Republic of Congo,COD,2023,87.8,68.28,Africa
368,Djibouti,DJI,2006,,51.81,Africa
369,Djibouti,DJI,2017,84.59259,74.57285,Africa
370,Dominican Republic,DOM,1981,81.26,83.94,North America
371,Dominican Republic,DOM,2000,93.2,96.5,North America
372,Dominican Republic,DOM,2001,94.3,96.6,North America
373,Dominican Republic,DOM,2002,93.0,95.42,North America
374,Dominican Republic,DOM,2003,94.7,96.9,North America
375,Dominican Republic,DOM,2004,95.2,96.7,North America
376,Dominican Republic,DOM,2005,96.2,97.3,North America
377,Dominican Republic,DOM,2006,95.3,97.9,North America
378,Dominican Republic,DOM,2007,94.63,96.93,North America
379,Dominican Republic,DOM,2008,95.6,97.4,North America
380,Dominican Republic,DOM,2009,96.2,98.4,North America
381,Dominican Republic,DOM,2010,95.78,97.88,North America
382,Dominican Republic,DOM,2011,96.09,98.05,North America
383,Dominican Republic,DOM,2012,96.32,97.77,North America
384,Dominican Republic,DOM,2013,96.76,98.25,North America
385,Dominican Republic,DOM,2014,97.35,98.04,North America
386,Dominican Republic,DOM,2015,97.23,98.03,North America
387,Dominican Republic,DOM,2016,98.81,98.87,North America
388,Dominican Republic,DOM,2017,97.8,98.4,North America
389,Dominican Republic,DOM,2018,98.0,99.1,North America
390,Dominican Republic,DOM,2019,98.3,97.83,North America
391,Dominican Republic,DOM,2020,98.6,99.1,North America
392,Dominican Republic,DOM,2021,98.7,99.0,North America
393,Dominican Republic,DOM,2022,98.1,98.9,North America
394,Dominican Republic,DOM,2023,98.3,98.8,North America
395,Dominican Republic,DOM,2024,97.65,98.79,North America
396,East Asia and Pacific (WB),WB_EAP,1976,92.11,75.8,
397,East Asia and Pacific (WB),WB_EAP,1977,92.16,76.1,
398,East Asia and Pacific (WB),WB_EAP,1978,92.71,77.89,
399,East Asia and Pacific (WB),WB_EAP,1979,93.22,79.74,
400,East Asia and Pacific (WB),WB_EAP,1980,93.65,81.54,
401,East Asia and Pacific (WB),WB_EAP,1981,94.0,83.12,
402,East Asia and Pacific (WB),WB_EAP,1982,94.26,84.4,
403,East Asia and Pacific (WB),WB_EAP,1983,94.53,85.62,
404,East Asia and Pacific (WB),WB_EAP,1984,94.78,86.65,
405,East Asia and Pacific (WB),WB_EAP,1985,95.0,87.46,
406,East Asia and Pacific (WB),WB_EAP,1986,95.16,88.12,
407,East Asia and Pacific (WB),WB_EAP,1987,96.01,89.43,
408,East Asia and Pacific (WB),WB_EAP,1988,96.43,91.42,
409,East Asia and Pacific (WB),WB_EAP,1989,96.42,91.76,
410,East Asia and Pacific (WB),WB_EAP,1990,96.42,92.07,
411,East Asia and Pacific (WB),WB_EAP,1991,96.44,92.4,
412,East Asia and Pacific (WB),WB_EAP,1992,96.47,92.71,
413,East Asia and Pacific (WB),WB_EAP,1993,96.48,92.97,
414,East Asia and Pacific (WB),WB_EAP,1994,96.59,93.37,
415,East Asia and Pacific (WB),WB_EAP,1995,96.71,93.77,
416,East Asia and Pacific (WB),WB_EAP,1996,96.81,94.09,
417,East Asia and Pacific (WB),WB_EAP,1997,98.03,96.97,
418,East Asia and Pacific (WB),WB_EAP,1998,98.05,97.08,
419,East Asia and Pacific (WB),WB_EAP,1999,98.05,97.21,
420,East Asia and Pacific (WB),WB_EAP,2000,98.08,97.22,
421,East Asia and Pacific (WB),WB_EAP,2001,98.08,97.35,
422,East Asia and Pacific (WB),WB_EAP,2002,98.12,97.48,
423,East Asia and Pacific (WB),WB_EAP,2003,98.19,97.7,
424,East Asia and Pacific (WB),WB_EAP,2004,98.28,97.83,
425,East Asia and Pacific (WB),WB_EAP,2005,98.33,97.96,
426,East Asia and Pacific (WB),WB_EAP,2006,98.16,97.79,
427,East Asia and Pacific (WB),WB_EAP,2007,98.5,98.19,
428,East Asia and Pacific (WB),WB_EAP,2008,98.8,98.61,
429,East Asia and Pacific (WB),WB_EAP,2009,98.74,98.6,
430,East Asia and Pacific (WB),WB_EAP,2010,98.56,98.37,
431,East Asia and Pacific (WB),WB_EAP,2011,98.62,98.44,
432,East Asia and Pacific (WB),WB_EAP,2012,98.64,98.49,
433,East Asia and Pacific (WB),WB_EAP,2013,98.65,98.62,
434,East Asia and Pacific (WB),WB_EAP,2014,98.84,98.89,
435,East Asia and Pacific (WB),WB_EAP,2015,98.92,98.91,
436,East Asia and Pacific (WB),WB_EAP,2016,98.94,98.95,
437,East Asia and Pacific (WB),WB_EAP,2017,98.93,98.97,
438,East Asia and Pacific (WB),WB_EAP,2018,98.81,98.92,
439,East Asia and Pacific (WB),WB_EAP,2019,98.84,98.95,
440,East Asia and Pacific (WB),WB_EAP,2020,98.94,99.02,
441,East Asia and Pacific (WB),WB_EAP,2021,98.96,99.06,
442,East Asia and Pacific (WB),WB_EAP,2022,98.99,99.11,
443,East Asia and Pacific (WB),WB_EAP,2023,99.01,99.14,
444,East Asia and Pacific (WB),WB_EAP,2024,99.03,99.18,
445,East Timor,TLS,2009,87.25,83.71,Asia
446,East Timor,TLS,2010,80.49,78.57,Asia
447,East Timor,TLS,2015,84.68,84.07,Asia
448,East Timor,TLS,2016,89.55,88.73,Asia
449,East Timor,TLS,2022,86.39,85.87,Asia
450,Eastern and South-Eastern Asia (SDG),,1976,92.19,75.7,
451,Eastern and South-Eastern Asia (SDG),,1977,92.24,76.0,
452,Eastern and South-Eastern Asia (SDG),,1978,92.79,77.82,
453,Eastern and South-Eastern Asia (SDG),,1979,93.31,79.69,
454,Eastern and South-Eastern Asia (SDG),,1980,93.74,81.52,
455,Eastern and South-Eastern Asia (SDG),,1981,94.1,83.12,
456,Eastern and South-Eastern Asia (SDG),,1982,94.35,84.42,
457,Eastern and South-Eastern Asia (SDG),,1983,94.62,85.64,
458,Eastern and South-Eastern Asia (SDG),,1984,94.88,86.68,
459,Eastern and South-Eastern Asia (SDG),,1985,95.09,87.5,
460,Eastern and South-Eastern Asia (SDG),,1986,95.25,88.17,
461,Eastern and South-Eastern Asia (SDG),,1987,96.1,89.49,
462,Eastern and South-Eastern Asia (SDG),,1988,96.53,91.5,
463,Eastern and South-Eastern Asia (SDG),,1989,96.52,91.85,
464,Eastern and South-Eastern Asia (SDG),,1990,96.52,92.16,
465,Eastern and South-Eastern Asia (SDG),,1991,96.54,92.49,
466,Eastern and South-Eastern Asia (SDG),,1992,96.57,92.81,
467,Eastern and South-Eastern Asia (SDG),,1993,96.59,93.07,
468,Eastern and South-Eastern Asia (SDG),,1994,96.7,93.48,
469,Eastern and South-Eastern Asia (SDG),,1995,96.83,93.89,
470,Eastern and South-Eastern Asia (SDG),,1996,96.93,94.21,
471,Eastern and South-Eastern Asia (SDG),,1997,98.17,97.13,
472,Eastern and South-Eastern Asia (SDG),,1998,98.19,97.24,
473,Eastern and South-Eastern Asia (SDG),,1999,98.2,97.38,
474,Eastern and South-Eastern Asia (SDG),,2000,98.24,97.39,
475,Eastern and South-Eastern Asia (SDG),,2001,98.24,97.51,
476,Eastern and South-Eastern Asia (SDG),,2002,98.29,97.65,
477,Eastern and South-Eastern Asia (SDG),,2003,98.36,97.87,
478,Eastern and South-Eastern Asia (SDG),,2004,98.45,98.0,
479,Eastern and South-Eastern Asia (SDG),,2005,98.51,98.13,
480,Eastern and South-Eastern Asia (SDG),,2006,98.34,97.95,
481,Eastern and South-Eastern Asia (SDG),,2007,98.69,98.36,
482,Eastern and South-Eastern Asia (SDG),,2008,99.01,98.78,
483,Eastern and South-Eastern Asia (SDG),,2009,98.94,98.77,
484,Eastern and South-Eastern Asia (SDG),,2010,98.77,98.53,
485,Eastern and South-Eastern Asia (SDG),,2011,98.84,98.61,
486,Eastern and South-Eastern Asia (SDG),,2012,98.86,98.67,
487,Eastern and South-Eastern Asia (SDG),,2013,98.88,98.81,
488,Eastern and South-Eastern Asia (SDG),,2014,99.09,99.09,
489,Eastern and South-Eastern Asia (SDG),,2015,99.19,99.13,
490,Eastern and South-Eastern Asia (SDG),,2016,99.22,99.18,
491,Eastern and South-Eastern Asia (SDG),,2017,99.22,99.2,
492,Eastern and South-Eastern Asia (SDG),,2018,99.11,99.16,
493,Eastern and South-Eastern Asia (SDG),,2019,99.14,99.2,
494,Eastern and South-Eastern Asia (SDG),,2020,99.25,99.28,
495,Eastern and South-Eastern Asia (SDG),,2021,99.28,99.32,
496,Eastern and South-Eastern Asia (SDG),,2022,99.31,99.38,
497,Eastern and South-Eastern Asia (SDG),,2023,99.33,99.41,
498,Eastern and South-Eastern Asia (SDG),,2024,99.35,99.45,
499,Ecuador,ECU,1982,94.55,92.28,South America
500,Ecuador,ECU,1990,96.58,95.83,South America
501,Ecuador,ECU,2001,96.38,96.49,South America
502,Ecuador,ECU,2003,96.5,97.4,South America
503,Ecuador,ECU,2005,98.3,98.2,South America
504,Ecuador,ECU,2006,98.3,98.1,South America
505,Ecuador,ECU,2007,98.23,98.56,South America
506,Ecuador,ECU,2008,98.43,98.48,South America
507,Ecuador,ECU,2009,98.72,98.88,South America
508,Ecuador,ECU,2010,98.47,98.85,South America
509,Ecuador,ECU,2011,98.59,98.81,South America
510,Ecuador,ECU,2012,98.77,98.89,South America
511,Ecuador,ECU,2013,98.58,98.63,South America
512,Ecuador,ECU,2014,99.01,99.19,South America
513,Ecuador,ECU,2015,99.34,98.91,South America
514,Ecuador,ECU,2016,98.98,99.14,South America
515,Ecuador,ECU,2017,99.11,99.4,South America
516,Ecuador,ECU,2018,98.9,99.1,South America
517,Ecuador,ECU,2019,98.2,98.8,South America
518,Ecuador,ECU,2020,98.5,99.09,South America
519,Ecuador,ECU,2021,98.56,99.49,South America
520,Ecuador,ECU,2022,99.57,99.68,South America
521,Ecuador,ECU,2023,99.0,99.3,South America
522,Ecuador,ECU,2024,98.8,99.19,South America
523,Egypt,EGY,1976,63.04,38.12,Africa
524,Egypt,EGY,1986,71.38,54.0,Africa
525,Egypt,EGY,1996,78.99,66.93,Africa
526,Egypt,EGY,2000,,77.19,Africa
527,Egypt,EGY,2005,90.08,78.78,Africa
528,Egypt,EGY,2006,87.86,81.75,Africa
529,Egypt,EGY,2010,90.56,84.31,Africa
530,Egypt,EGY,2012,92.36,86.05,Africa
531,Egypt,EGY,2013,93.65,90.33,Africa
532,Egypt,EGY,2014,,94.08,Africa
533,Egypt,EGY,2017,89.48,86.81,Africa
534,Egypt,EGY,2021,97.22512,95.931595,Africa
535,Egypt,EGY,2022,95.50548,94.81636,Africa
536,El Salvador,SLV,1992,84.95,84.95,North America
537,El Salvador,SLV,2000,92.2,92.6,North America
538,El Salvador,SLV,2001,93.5,93.6,North America
539,El Salvador,SLV,2002,92.9,93.6,North America
540,El Salvador,SLV,2003,93.3,93.4,North America
541,El Salvador,SLV,2004,93.7,94.0,North America
542,El Salvador,SLV,2005,94.9,94.9,North America
543,El Salvador,SLV,2006,94.4,95.45,North America
544,El Salvador,SLV,2007,93.22,93.89,North America
545,El Salvador,SLV,2008,95.41,96.48,North America
546,El Salvador,SLV,2009,94.71,95.32,North America
547,El Salvador,SLV,2010,95.67,96.39,North America
548,El Salvador,SLV,2011,96.15,96.95,North America
549,El Salvador,SLV,2012,96.7,97.6,North America
550,El Salvador,SLV,2013,96.95,97.5,North America
551,El Salvador,SLV,2014,97.3,98.2,North America
552,El Salvador,SLV,2015,97.46,98.43,North America
553,El Salvador,SLV,2016,97.72,98.28,North America
554,El Salvador,SLV,2017,97.8,98.15,North America
555,El Salvador,SLV,2018,97.73,98.21,North America
556,El Salvador,SLV,2019,97.98,98.69,North America
557,El Salvador,SLV,2020,98.31,98.72,North America
558,El Salvador,SLV,2021,97.8,98.3,North America
559,El Salvador,SLV,2022,98.0,98.6,North America
560,El Salvador,SLV,2023,97.56,98.5,North America
561,El Salvador,SLV,2024,97.87,98.6,North America
562,Equatorial Guinea,GNQ,2000,97.61,96.62,Africa
563,Eritrea,ERI,2002,86.25,69.48,Africa
564,Eritrea,ERI,2008,91.29,82.58,Africa
565,Estonia,EST,1989,99.83,99.9,Europe
566,Estonia,EST,2000,99.73,99.81,Europe
567,Estonia,EST,2011,99.94,99.96,Europe
568,Eswatini,SWZ,1976,76.08,74.98,Africa
569,Eswatini,SWZ,1986,83.09,84.3,Africa
570,Eswatini,SWZ,2000,90.69,92.94,Africa
571,Eswatini,SWZ,2006,88.81,93.58,Africa
572,Eswatini,SWZ,2010,,96.32,Africa
573,Eswatini,SWZ,2014,,100.0,Africa
574,Eswatini,SWZ,2022,98.55,98.78,Africa
575,Ethiopia,ETH,1994,39.29,28.08,Africa
576,Ethiopia,ETH,2000,49.47,27.02,Africa
577,Ethiopia,ETH,2004,62.2,38.5,Africa
578,Ethiopia,ETH,2005,60.07,34.06,Africa
579,Ethiopia,ETH,2007,62.97,47.04,Africa
580,Ethiopia,ETH,2011,65.08,43.65,Africa
581,Ethiopia,ETH,2013,78.101234,65.74705,Africa
582,Ethiopia,ETH,2016,79.13,64.57,Africa
583,Ethiopia,ETH,2019,82.37,76.03,Africa
584,Ethiopia,ETH,2021,84.55214,74.98445,Africa
585,Ethiopia,ETH,2022,88.42,80.92,Africa
586,Europe and Central Asia (WB),WB_ECA,1988,99.16,98.45,
587,Europe and Central Asia (WB),WB_ECA,1989,99.27,98.4,
588,Europe and Central Asia (WB),WB_ECA,1990,99.27,98.47,
589,Europe and Central Asia (WB),WB_ECA,1991,99.28,98.53,
590,Europe and Central Asia (WB),WB_ECA,1992,99.14,98.53,
591,Europe and Central Asia (WB),WB_ECA,1993,99.14,98.58,
592,Europe and Central Asia (WB),WB_ECA,1994,99.15,98.64,
593,Europe and Central Asia (WB),WB_ECA,1995,99.15,98.69,
594,Europe and Central Asia (WB),WB_ECA,1996,99.16,98.75,
595,Europe and Central Asia (WB),WB_ECA,1997,99.17,98.79,
596,Europe and Central Asia (WB),WB_ECA,1998,99.14,98.82,
597,Europe and Central Asia (WB),WB_ECA,1999,99.12,98.84,
598,Europe and Central Asia (WB),WB_ECA,2000,99.27,98.83,
599,Europe and Central Asia (WB),WB_ECA,2001,99.29,98.86,
600,Europe and Central Asia (WB),WB_ECA,2002,99.35,98.91,
601,Europe and Central Asia (WB),WB_ECA,2003,99.35,98.93,
602,Europe and Central Asia (WB),WB_ECA,2004,99.33,98.94,
603,Europe and Central Asia (WB),WB_ECA,2005,99.37,99.01,
604,Europe and Central Asia (WB),WB_ECA,2006,99.38,99.03,
605,Europe and Central Asia (WB),WB_ECA,2007,99.4,99.05,
606,Europe and Central Asia (WB),WB_ECA,2008,99.42,99.09,
607,Europe and Central Asia (WB),WB_ECA,2009,99.53,99.31,
608,Europe and Central Asia (WB),WB_ECA,2010,99.56,99.39,
609,Europe and Central Asia (WB),WB_ECA,2011,99.6,99.46,
610,Europe and Central Asia (WB),WB_ECA,2012,99.62,99.51,
611,Europe and Central Asia (WB),WB_ECA,2013,99.64,99.55,
612,Europe and Central Asia (WB),WB_ECA,2014,99.66,99.58,
613,Europe and Central Asia (WB),WB_ECA,2015,99.66,99.61,
614,Europe and Central Asia (WB),WB_ECA,2016,99.68,99.63,
615,Europe and Central Asia (WB),WB_ECA,2017,99.69,99.68,
616,Europe and Central Asia (WB),WB_ECA,2018,99.74,99.72,
617,Europe and Central Asia (WB),WB_ECA,2019,99.75,99.74,
618,Europe and Central Asia (WB),WB_ECA,2020,99.74,99.75,
619,Europe and Central Asia (WB),WB_ECA,2021,99.77,99.76,
620,Europe and Central Asia (WB),WB_ECA,2022,99.77,99.76,
621,Europe and Central Asia (WB),WB_ECA,2023,99.77,99.76,
622,Europe and Northern America (SDG),,2002,99.47,99.5,
623,Europe and Northern America (SDG),,2003,99.48,99.51,
624,Europe and Northern America (SDG),,2004,99.49,99.52,
625,Europe and Northern America (SDG),,2005,99.49,99.52,
626,Europe and Northern America (SDG),,2006,99.51,99.52,
627,Europe and Northern America (SDG),,2007,99.5,99.53,
628,Europe and Northern America (SDG),,2018,99.67,99.64,
629,Europe and Northern America (SDG),,2019,99.68,99.65,
630,Europe and Northern America (SDG),,2020,99.67,99.65,
631,Europe and Northern America (SDG),,2021,99.69,99.65,
632,Europe and Northern America (SDG),,2022,99.69,99.65,
633,Fiji,FJI,2021,96.11,99.41,Oceania
634,Gabon,GAB,1993,94.41,92.11,Africa
635,Gabon,GAB,2012,94.88,93.77,Africa
636,Gabon,GAB,2021,94.96,93.04,Africa
637,Gambia,GMB,2000,64.34,41.39,Africa
638,Gambia,GMB,2006,,48.15,Africa
639,Gambia,GMB,2013,78.39,65.85,Africa
640,Gambia,GMB,2015,70.74,64.45,Africa
641,Gambia,GMB,2018,74.98,67.01,Africa
642,Gambia,GMB,2021,72.02,62.55,Africa
643,Georgia,GEO,2002,99.79,99.86,Asia
644,Georgia,GEO,2005,,99.9,Asia
645,Georgia,GEO,2014,99.68,99.73,Asia
646,Georgia,GEO,2017,99.77,99.49,Asia
647,Georgia,GEO,2018,99.9,99.94,Asia
648,Georgia,GEO,2019,100.0,100.0,Asia
649,Georgia,GEO,2020,100.0,100.0,Asia
650,Georgia,GEO,2021,100.0,100.0,Asia
651,Georgia,GEO,2022,99.51,99.89,Asia
652,Georgia,GEO,2023,98.88,99.84,Asia
653,Georgia,GEO,2024,99.56,99.78,Asia
654,Ghana,GHA,2000,75.95,65.49,Africa
655,Ghana,GHA,2003,84.77,73.05,Africa
656,Ghana,GHA,2006,,76.92,Africa
657,Ghana,GHA,2010,88.31,83.23,Africa
658,Ghana,GHA,2011,,84.6,Africa
659,Ghana,GHA,2014,91.17,83.65,Africa
660,Ghana,GHA,2015,85.08682,76.89812,Africa
661,Ghana,GHA,2017,89.77,85.25,Africa
662,Ghana,GHA,2021,91.74,91.3,Africa
663,Greece,GRC,1981,99.05,98.88,Europe
664,Greece,GRC,1991,98.99,98.98,Europe
665,Greece,GRC,2001,98.89,98.99,Europe
666,Greece,GRC,2009,99.51,99.47,Europe
667,Grenada,GRD,1970,98.85,99.08,North America
668,Guadeloupe,GLP,1982,98.09,98.9,North America
669,Guam,GUM,1980,95.36,95.91,Oceania
670,Guam,GUM,1990,99.9,99.85,Oceania
671,Guatemala,GTM,1994,81.72,70.72,North America
672,Guatemala,GTM,2000,87.7,76.3,North America
673,Guatemala,GTM,2002,86.38,78.39,North America
674,Guatemala,GTM,2006,91.4,84.8,North America
675,Guatemala,GTM,2012,95.47,91.94,North America
676,Guatemala,GTM,2013,94.18,89.77,North America
677,Guatemala,GTM,2014,95.48,93.27,North America
678,Guatemala,GTM,2015,96.67,93.62,North America
679,Guatemala,GTM,2018,95.38,93.87,North America
680,Guatemala,GTM,2022,95.86,94.21,North America
681,Guatemala,GTM,2023,97.3,96.7,North America
682,Guatemala,GTM,2024,95.7,95.1,North America
683,Guinea,GIN,1996,44.12,13.47,Africa
684,Guinea,GIN,2003,59.46,34.07,Africa
685,Guinea,GIN,2005,64.19,24.12,Africa
686,Guinea,GIN,2010,37.57,21.8,Africa
687,Guinea,GIN,2014,56.97,37.21,Africa
688,Guinea,GIN,2016,,46.63,Africa
689,Guinea,GIN,2018,69.64,43.47,Africa
690,Guinea-Bissau,GNB,1979,59.69,17.8,Africa
691,Guinea-Bissau,GNB,2000,74.8,45.9,Africa
692,Guinea-Bissau,GNB,2006,,35.78,Africa
693,Guinea-Bissau,GNB,2014,,100.0,Africa
694,Guinea-Bissau,GNB,2019,81.83,68.59,Africa
695,Guinea-Bissau,GNB,2022,86.2,78.27,Africa
696,Guyana,GUY,2006,,100.0,South America
697,Guyana,GUY,2009,95.71,95.91,South America
698,Guyana,GUY,2014,,100.0,South America
699,Guyana,GUY,2020,99.27,99.03,South America
700,Haiti,HTI,1982,51.26,51.05,North America
701,Haiti,HTI,2003,82.66,80.69,North America
702,Haiti,HTI,2012,93.36575,92.985825,North America
703,Haiti,HTI,2017,88.38,89.33,North America
704,High-income countries,OWID_HIC,2004,98.71,98.64,
705,High-income countries,OWID_HIC,2005,98.75,98.7,
706,High-income countries,OWID_HIC,2020,99.24,99.25,
707,High-income countries,OWID_HIC,2021,99.3,99.28,
708,Honduras,HND,2001,86.89,90.91,North America
709,Honduras,HND,2004,90.2,91.5,North America
710,Honduras,HND,2005,89.9,93.6,North America
711,Honduras,HND,2007,92.7,95.05,North America
712,Honduras,HND,2009,92.6,95.2,North America
713,Honduras,HND,2010,94.45,95.88,North America
714,Honduras,HND,2011,94.93,96.93,North America
715,Honduras,HND,2012,94.0,95.99,North America
716,Honduras,HND,2013,93.85,96.3,North America
717,Honduras,HND,2014,95.05,96.29,North America
718,Honduras,HND,2015,94.99,97.0,North America
719,Honduras,HND,2016,94.95,97.25,North America
720,Honduras,HND,2018,94.89,98.19,North America
721,Honduras,HND,2019,94.84,97.29,North America
722,Honduras,HND,2022,94.71452,97.47949,North America
723,Honduras,HND,2023,94.64,96.47,North America
724,Honduras,HND,2024,94.83,96.62,North America
725,Hungary,HUN,1980,99.42,99.32,Europe
726,India,IND,1981,66.31,40.32,Asia
727,India,IND,1991,73.51,49.35,Asia
728,India,IND,2001,84.19,67.75,Asia
729,India,IND,2006,88.41,74.36,Asia
730,India,IND,2010,92.28997,83.02605,Asia
731,India,IND,2011,90.04,81.85,Asia
732,India,IND,2012,93.432365,86.09988,Asia
733,India,IND,2016,93.55,86.74,Asia
734,India,IND,2018,96.307625,92.71818,Asia
735,India,IND,2019,96.24289,93.173134,Asia
736,India,IND,2020,96.53685,94.687584,Asia
737,India,IND,2021,97.07471,94.60402,Asia
738,India,IND,2022,97.44,95.54,Asia
739,India,IND,2023,97.93,96.07,Asia
740,India,IND,2024,97.99011,96.64052,Asia
741,Indonesia,IDN,1980,89.59,81.65,Asia
742,Indonesia,IDN,1990,97.4,95.07,Asia
743,Indonesia,IDN,2004,98.87,98.54,Asia
744,Indonesia,IDN,2006,97.03,96.27,Asia
745,Indonesia,IDN,2008,99.54,99.38,Asia
746,Indonesia,IDN,2009,99.55,99.4,Asia
747,Indonesia,IDN,2010,98.5,98.62,Asia
748,Indonesia,IDN,2011,98.8,98.75,Asia
749,Indonesia,IDN,2014,99.68,99.68,Asia
750,Indonesia,IDN,2015,99.7,99.64,Asia
751,Indonesia,IDN,2016,99.68,99.65,Asia
752,Indonesia,IDN,2017,99.93,99.29,Asia
753,Indonesia,IDN,2018,99.72,99.7,Asia
754,Indonesia,IDN,2020,99.78,99.78,Asia
755,Indonesia,IDN,2022,92.91,94.72,Asia
756,Iran,IRN,1976,70.9,42.33,Asia
757,Iran,IRN,1986,84.53,65.59,Asia
758,Iran,IRN,1991,92.44,81.2,Asia
759,Iran,IRN,1996,95.52,90.56,Asia
760,Iran,IRN,2005,98.11,96.74,Asia
761,Iran,IRN,2006,97.15,96.13,Asia
762,Iran,IRN,2008,98.26,97.47,Asia
763,Iran,IRN,2009,98.1177,97.11642,Asia
764,Iran,IRN,2010,98.20187,97.367546,Asia
765,Iran,IRN,2011,97.04,96.35,Asia
766,Iran,IRN,2012,98.33,97.66,Asia
767,Iran,IRN,2013,98.11,97.44,Asia
768,Iran,IRN,2014,98.19,97.68,Asia
769,Iran,IRN,2015,98.13304,97.6524,Asia
770,Iran,IRN,2016,98.27,97.93,Asia
771,Iran,IRN,2017,98.24561,98.08512,Asia
772,Iran,IRN,2018,98.29356,98.11491,Asia
773,Iran,IRN,2019,98.541725,98.39039,Asia
774,Iran,IRN,2020,98.564964,98.31657,Asia
775,Iran,IRN,2021,98.68678,98.48548,Asia
776,Iran,IRN,2022,98.59341,98.70787,Asia
777,Iran,IRN,2023,98.851654,98.6179,Asia
778,Iraq,IRQ,2000,88.91,80.49,Asia
779,Iraq,IRQ,2006,,72.85,Asia
780,Iraq,IRQ,2011,,71.93,Asia
781,Iraq,IRQ,2012,87.3,79.4,Asia
782,Iraq,IRQ,2014,91.9,85.5,Asia
783,Iraq,IRQ,2016,93.4,88.3,Asia
784,Iraq,IRQ,2017,94.9,92.1,Asia
785,Iraq,IRQ,2018,,87.38,Asia
786,Iraq,IRQ,2021,93.799,90.88234,Asia
787,Israel,ISR,1983,99.05,98.05,Asia
788,Italy,ITA,1981,99.7,99.59,Europe
789,Italy,ITA,2001,99.8,99.82,Europe
790,Italy,ITA,2011,99.85,99.87,Europe
791,Italy,ITA,2019,99.83,99.93,Europe
792,Jamaica,JAM,1999,87.31,96.3,North America
793,Jamaica,JAM,2005,,99.77,North America
794,Jamaica,JAM,2011,,99.72,North America
795,Jamaica,JAM,2022,88.23,99.3,North America
796,Jordan,JOR,1979,95.79,84.83,Asia
797,Jordan,JOR,2003,99.33,98.91,Asia
798,Jordan,JOR,2005,98.93,99.02,Asia
799,Jordan,JOR,2007,98.95,98.95,Asia
800,Jordan,JOR,2010,98.76,98.77,Asia
801,Jordan,JOR,2011,99.05,99.25,Asia
802,Jordan,JOR,2012,99.0,99.2,Asia
803,Jordan,JOR,2018,97.42,95.9,Asia
804,Jordan,JOR,2023,99.05,99.41,Asia
805,Jordan,JOR,2024,98.48,98.88,Asia
806,Kazakhstan,KAZ,1989,99.7,99.15,Asia
807,Kazakhstan,KAZ,1999,99.82,99.87,Asia
808,Kazakhstan,KAZ,2006,,100.0,Asia
809,Kazakhstan,KAZ,2009,99.8,99.87,Asia
810,Kazakhstan,KAZ,2015,,100.0,Asia
811,Kenya,KEN,2000,93.31,91.94,Africa
812,Kenya,KEN,2014,94.02,92.31,Africa
813,Kiribati,KIR,2018,95.83,98.5,Oceania
814,Kiribati,KIR,2019,,94.49886,Oceania
815,Kuwait,KWT,1975,77.69,66.01,Asia
816,Kuwait,KWT,1980,81.29,76.03,Asia
817,Kuwait,KWT,1985,90.69,84.09,Asia
818,Kuwait,KWT,1995,93.8,90.18,Asia
819,Kuwait,KWT,2005,99.69,99.79,Asia
820,Kuwait,KWT,2006,98.52,98.5,Asia
821,Kuwait,KWT,2007,98.4,98.51,Asia
822,Kuwait,KWT,2008,98.57,98.74,Asia
823,Kuwait,KWT,2010,99.06,98.72,Asia
824,Kuwait,KWT,2012,98.74,98.84,Asia
825,Kuwait,KWT,2013,99.25,99.04,Asia
826,Kuwait,KWT,2015,99.15,99.4,Asia
827,Kuwait,KWT,2017,99.06,99.5,Asia
828,Kuwait,KWT,2018,98.78,99.5,Asia
829,Kuwait,KWT,2020,99.1,99.58,Asia
830,Kyrgyzstan,KGZ,1999,99.65,99.74,Asia
831,Kyrgyzstan,KGZ,2009,99.7,99.8,Asia
832,Kyrgyzstan,KGZ,2014,,99.79,Asia
833,Laos,LAO,1995,78.82,64.05,Asia
834,Laos,LAO,2000,88.06,73.56,Asia
835,Laos,LAO,2001,82.6,74.68,Asia
836,Laos,LAO,2005,89.19,78.74,Asia
837,Laos,LAO,2006,,67.08,Asia
838,Laos,LAO,2015,94.4,90.5,Asia
839,Laos,LAO,2017,91.2,84.47,Asia
840,Laos,LAO,2022,94.97155,92.68025,Asia
841,Laos,LAO,2023,92.2,88.54,Asia
842,Latin America and Caribbean (WB),WB_LAC,1974,88.34,86.55,
843,Latin America and Caribbean (WB),WB_LAC,1975,88.36,86.58,
844,Latin America and Caribbean (WB),WB_LAC,1976,88.51,87.05,
845,Latin America and Caribbean (WB),WB_LAC,1977,88.62,87.54,
846,Latin America and Caribbean (WB),WB_LAC,1978,88.72,88.05,
847,Latin America and Caribbean (WB),WB_LAC,1979,88.71,88.43,
848,Latin America and Caribbean (WB),WB_LAC,1980,88.59,88.69,
849,Latin America and Caribbean (WB),WB_LAC,1981,88.6,89.07,
850,Latin America and Caribbean (WB),WB_LAC,1982,88.6,89.43,
851,Latin America and Caribbean (WB),WB_LAC,1983,88.6,89.79,
852,Latin America and Caribbean (WB),WB_LAC,1984,88.61,90.13,
853,Latin America and Caribbean (WB),WB_LAC,1985,88.64,90.47,
854,Latin America and Caribbean (WB),WB_LAC,1986,88.66,90.77,
855,Latin America and Caribbean (WB),WB_LAC,1987,88.82,90.95,
856,Latin America and Caribbean (WB),WB_LAC,1988,89.01,91.33,
857,Latin America and Caribbean (WB),WB_LAC,1989,89.2,91.78,
858,Latin America and Caribbean (WB),WB_LAC,1990,89.34,92.2,
859,Latin America and Caribbean (WB),WB_LAC,1991,90.13,92.7,
860,Latin America and Caribbean (WB),WB_LAC,1992,90.93,93.19,
861,Latin America and Caribbean (WB),WB_LAC,1993,91.73,93.64,
862,Latin America and Caribbean (WB),WB_LAC,1994,92.52,94.09,
863,Latin America and Caribbean (WB),WB_LAC,1995,93.31,94.52,
864,Latin America and Caribbean (WB),WB_LAC,1996,93.65,94.82,
865,Latin America and Caribbean (WB),WB_LAC,1997,93.84,94.88,
866,Latin America and Caribbean (WB),WB_LAC,1998,94.11,95.1,
867,Latin America and Caribbean (WB),WB_LAC,1999,94.31,95.33,
868,Latin America and Caribbean (WB),WB_LAC,2000,94.51,95.54,
869,Latin America and Caribbean (WB),WB_LAC,2001,94.69,95.69,
870,Latin America and Caribbean (WB),WB_LAC,2002,95.15,96.02,
871,Latin America and Caribbean (WB),WB_LAC,2003,95.99,96.68,
872,Latin America and Caribbean (WB),WB_LAC,2004,96.05,96.86,
873,Latin America and Caribbean (WB),WB_LAC,2005,96.24,97.04,
874,Latin America and Caribbean (WB),WB_LAC,2006,96.47,97.02,
875,Latin America and Caribbean (WB),WB_LAC,2007,96.69,97.21,
876,Latin America and Caribbean (WB),WB_LAC,2008,96.91,97.38,
877,Latin America and Caribbean (WB),WB_LAC,2009,97.14,97.58,
878,Latin America and Caribbean (WB),WB_LAC,2010,97.01,97.64,
879,Latin America and Caribbean (WB),WB_LAC,2011,97.47,98.04,
880,Latin America and Caribbean (WB),WB_LAC,2012,97.67,98.16,
881,Latin America and Caribbean (WB),WB_LAC,2013,97.64,98.13,
882,Latin America and Caribbean (WB),WB_LAC,2014,98.01,98.42,
883,Latin America and Caribbean (WB),WB_LAC,2015,98.07,98.49,
884,Latin America and Caribbean (WB),WB_LAC,2016,98.2,98.61,
885,Latin America and Caribbean (WB),WB_LAC,2017,98.21,98.57,
886,Latin America and Caribbean (WB),WB_LAC,2018,98.3,98.65,
887,Latin America and Caribbean (WB),WB_LAC,2019,98.35,98.68,
888,Latin America and Caribbean (WB),WB_LAC,2020,98.34,98.68,
889,Latin America and Caribbean (WB),WB_LAC,2021,98.38,98.74,
890,Latin America and Caribbean (WB),WB_LAC,2022,98.43,98.79,
891,Latin America and Caribbean (WB),WB_LAC,2023,98.45,98.82,
892,Latin America and Caribbean (WB),WB_LAC,2024,98.49,98.87,
893,Latin America and the Caribbean (SDG),,1974,88.34,86.55,
894,Latin America and the Caribbean (SDG),,1975,88.36,86.58,
895,Latin America and the Caribbean (SDG),,1976,88.51,87.05,
896,Latin America and the Caribbean (SDG),,1977,88.62,87.54,
897,Latin America and the Caribbean (SDG),,1978,88.72,88.05,
898,Latin America and the Caribbean (SDG),,1979,88.71,88.43,
899,Latin America and the Caribbean (SDG),,1980,88.59,88.69,
900,Latin America and the Caribbean (SDG),,1981,88.6,89.07,
901,Latin America and the Caribbean (SDG),,1982,88.6,89.44,
902,Latin America and the Caribbean (SDG),,1983,88.6,89.79,
903,Latin America and the Caribbean (SDG),,1984,88.61,90.13,
904,Latin America and the Caribbean (SDG),,1985,88.64,90.47,
905,Latin America and the Caribbean (SDG),,1986,88.66,90.78,
906,Latin America and the Caribbean (SDG),,1987,88.82,90.95,
907,Latin America and the Caribbean (SDG),,1988,89.01,91.33,
908,Latin America and the Caribbean (SDG),,1989,89.2,91.78,
909,Latin America and the Caribbean (SDG),,1990,89.34,92.2,
910,Latin America and the Caribbean (SDG),,1991,90.13,92.7,
911,Latin America and the Caribbean (SDG),,1992,90.93,93.19,
912,Latin America and the Caribbean (SDG),,1993,91.73,93.64,
913,Latin America and the Caribbean (SDG),,1994,92.52,94.09,
914,Latin America and the Caribbean (SDG),,1995,93.31,94.52,
915,Latin America and the Caribbean (SDG),,1996,93.65,94.82,
916,Latin America and the Caribbean (SDG),,1997,93.84,94.88,
917,Latin America and the Caribbean (SDG),,1998,94.11,95.1,
918,Latin America and the Caribbean (SDG),,1999,94.31,95.33,
919,Latin America and the Caribbean (SDG),,2000,94.51,95.54,
920,Latin America and the Caribbean (SDG),,2001,94.69,95.69,
921,Latin America and the Caribbean (SDG),,2002,95.15,96.02,
922,Latin America and the Caribbean (SDG),,2003,95.99,96.68,
923,Latin America and the Caribbean (SDG),,2004,96.05,96.86,
924,Latin America and the Caribbean (SDG),,2005,96.24,97.04,
925,Latin America and the Caribbean (SDG),,2006,96.47,97.02,
926,Latin America and the Caribbean (SDG),,2007,96.69,97.21,
927,Latin America and the Caribbean (SDG),,2008,96.91,97.38,
928,Latin America and the Caribbean (SDG),,2009,97.14,97.58,
929,Latin America and the Caribbean (SDG),,2010,97.01,97.64,
930,Latin America and the Caribbean (SDG),,2011,97.47,98.04,
931,Latin America and the Caribbean (SDG),,2012,97.67,98.16,
932,Latin America and the Caribbean (SDG),,2013,97.64,98.13,
933,Latin America and the Caribbean (SDG),,2014,98.01,98.42,
934,Latin America and the Caribbean (SDG),,2015,98.07,98.49,
935,Latin America and the Caribbean (SDG),,2016,98.2,98.61,
936,Latin America and the Caribbean (SDG),,2017,98.21,98.57,
937,Latin America and the Caribbean (SDG),,2018,98.3,98.65,
938,Latin America and the Caribbean (SDG),,2019,98.35,98.68,
939,Latin America and the Caribbean (SDG),,2020,98.34,98.68,
940,Latin America and the Caribbean (SDG),,2021,98.38,98.74,
941,Latin America and the Caribbean (SDG),,2022,98.43,98.79,
942,Latin America and the Caribbean (SDG),,2023,98.45,98.82,
943,Latin America and the Caribbean (SDG),,2024,98.49,98.87,
944,Latvia,LVA,1989,99.75,99.82,Europe
945,Latvia,LVA,2000,99.72,99.78,Europe
946,Latvia,LVA,2011,99.8,99.87,Europe
947,Lebanon,LBN,2007,98.4,99.08,Asia
948,Lebanon,LBN,2009,99.16,99.34,Asia
949,Lebanon,LBN,2018,97.89,95.61,Asia
950,Lebanon,LBN,2019,97.921875,95.459206,Asia
951,Lesotho,LSO,2000,84.83,97.5,Africa
952,Lesotho,LSO,2006,66.24,84.98,Africa
953,Lesotho,LSO,2009,82.23,94.25,Africa
954,Lesotho,LSO,2014,87.37,96.52,Africa
955,Lesotho,LSO,2016,96.98,99.56,Africa
956,Lesotho,LSO,2018,92.35,98.27,Africa
957,Lesotho,LSO,2019,95.54545,100.0,Africa
958,Lesotho,LSO,2024,94.31,98.8,Africa
959,Liberia,LBR,1984,62.83,33.72,Africa
960,Liberia,LBR,2007,77.33,51.49,Africa
961,Liberia,LBR,2010,86.36883,73.020676,Africa
962,Liberia,LBR,2013,83.75,63.2,Africa
963,Libya,LBY,1984,97.85,80.31,Africa
964,Lithuania,LTU,1989,99.64,99.71,Europe
965,Lithuania,LTU,2001,99.66,99.74,Europe
966,Lithuania,LTU,2011,99.85,99.87,Europe
967,Low-income countries,OWID_LIC,1988,66.72,48.39,
968,Low-income countries,OWID_LIC,1989,66.98,48.85,
969,Low-income countries,OWID_LIC,1990,67.1,49.4,
970,Low-income countries,OWID_LIC,1991,66.56,49.15,
971,Low-income countries,OWID_LIC,1992,65.88,48.72,
972,Low-income countries,OWID_LIC,1993,65.58,48.84,
973,Low-income countries,OWID_LIC,1994,65.32,48.99,
974,Low-income countries,OWID_LIC,1995,65.57,49.41,
975,Low-income countries,OWID_LIC,1996,65.26,49.76,
976,Low-income countries,OWID_LIC,1997,65.15,50.29,
977,Low-income countries,OWID_LIC,1998,65.41,50.87,
978,Low-income countries,OWID_LIC,1999,65.59,51.37,
979,Low-income countries,OWID_LIC,2000,65.36,52.02,
980,Low-income countries,OWID_LIC,2001,65.59,52.92,
981,Low-income countries,OWID_LIC,2002,69.65,53.2,
982,Low-income countries,OWID_LIC,2003,69.71,54.08,
983,Low-income countries,OWID_LIC,2004,70.32,54.79,
984,Low-income countries,OWID_LIC,2005,70.53,55.39,
985,Low-income countries,OWID_LIC,2006,69.78,53.24,
986,Low-income countries,OWID_LIC,2007,70.85,55.43,
987,Low-income countries,OWID_LIC,2008,71.94,56.85,
988,Low-income countries,OWID_LIC,2009,72.61,57.87,
989,Low-income countries,OWID_LIC,2010,72.84,59.02,
990,Low-income countries,OWID_LIC,2011,74.78,62.94,
991,Low-income countries,OWID_LIC,2012,75.6,63.88,
992,Low-income countries,OWID_LIC,2013,76.41,65.42,
993,Low-income countries,OWID_LIC,2014,76.3,65.6,
994,Low-income countries,OWID_LIC,2015,76.63,66.74,
995,Low-income countries,OWID_LIC,2016,76.77,67.93,
996,Low-income countries,OWID_LIC,2017,77.34,69.31,
997,Low-income countries,OWID_LIC,2018,77.3,69.14,
998,Low-income countries,OWID_LIC,2019,77.08,69.54,
999,Low-income countries,OWID_LIC,2020,77.15,69.9,
1000,Low-income countries,OWID_LIC,2021,77.44,70.66,
1001,Low-income countries,OWID_LIC,2022,77.67,71.37,
1002,Low-income countries,OWID_LIC,2023,77.91,72.06,
1003,Low-income countries,OWID_LIC,2024,78.1,72.64,
1004,Lower-middle-income countries,OWID_LMC,1975,67.28,42.89,
1005,Lower-middle-income countries,OWID_LMC,1976,67.35,43.11,
1006,Lower-middle-income countries,OWID_LMC,1977,67.76,44.15,
1007,Lower-middle-income countries,OWID_LMC,1978,68.09,45.2,
1008,Lower-middle-income countries,OWID_LMC,1979,68.34,46.23,
1009,Lower-middle-income countries,OWID_LMC,1980,68.51,47.15,
1010,Lower-middle-income countries,OWID_LMC,1981,68.63,48.0,
1011,Lower-middle-income countries,OWID_LMC,1982,68.84,48.97,
1012,Lower-middle-income countries,OWID_LMC,1983,69.02,49.84,
1013,Lower-middle-income countries,OWID_LMC,1984,69.22,50.88,
1014,Lower-middle-income countries,OWID_LMC,1985,69.45,51.91,
1015,Lower-middle-income countries,OWID_LMC,1986,69.68,52.87,
1016,Lower-middle-income countries,OWID_LMC,1987,70.16,54.02,
1017,Lower-middle-income countries,OWID_LMC,1988,72.36,52.71,
1018,Lower-middle-income countries,OWID_LMC,1989,73.06,54.17,
1019,Lower-middle-income countries,OWID_LMC,1990,73.69,55.59,
1020,Lower-middle-income countries,OWID_LMC,1991,74.32,57.0,
1021,Lower-middle-income countries,OWID_LMC,1992,75.39,58.31,
1022,Lower-middle-income countries,OWID_LMC,1993,76.38,59.36,
1023,Lower-middle-income countries,OWID_LMC,1994,77.03,60.88,
1024,Lower-middle-income countries,OWID_LMC,1995,77.55,62.25,
1025,Lower-middle-income countries,OWID_LMC,1996,78.18,63.63,
1026,Lower-middle-income countries,OWID_LMC,1997,78.72,64.86,
1027,Lower-middle-income countries,OWID_LMC,1998,81.53,66.72,
1028,Lower-middle-income countries,OWID_LMC,1999,82.14,68.27,
1029,Lower-middle-income countries,OWID_LMC,2000,82.29,68.59,
1030,Lower-middle-income countries,OWID_LMC,2001,82.68,69.94,
1031,Lower-middle-income countries,OWID_LMC,2002,83.08,71.25,
1032,Lower-middle-income countries,OWID_LMC,2003,84.07,72.23,
1033,Lower-middle-income countries,OWID_LMC,2004,84.4,73.51,
1034,Lower-middle-income countries,OWID_LMC,2005,85.34,73.55,
1035,Lower-middle-income countries,OWID_LMC,2006,84.47,74.43,
1036,Lower-middle-income countries,OWID_LMC,2007,84.68,75.4,
1037,Lower-middle-income countries,OWID_LMC,2008,85.18,76.48,
1038,Lower-middle-income countries,OWID_LMC,2009,85.51,77.5,
1039,Lower-middle-income countries,OWID_LMC,2010,86.81,78.73,
1040,Lower-middle-income countries,OWID_LMC,2011,87.08,79.83,
1041,Lower-middle-income countries,OWID_LMC,2012,87.71,80.98,
1042,Lower-middle-income countries,OWID_LMC,2013,88.67,82.53,
1043,Lower-middle-income countries,OWID_LMC,2014,88.98,83.58,
1044,Lower-middle-income countries,OWID_LMC,2015,89.55,84.72,
1045,Lower-middle-income countries,OWID_LMC,2016,89.93,85.55,
1046,Lower-middle-income countries,OWID_LMC,2017,90.32,86.11,
1047,Lower-middle-income countries,OWID_LMC,2018,90.65,86.68,
1048,Lower-middle-income countries,OWID_LMC,2019,92.49,88.35,
1049,Lower-middle-income countries,OWID_LMC,2020,92.72,88.86,
1050,Lower-middle-income countries,OWID_LMC,2021,92.93,89.32,
1051,Lower-middle-income countries,OWID_LMC,2022,93.02,89.67,
1052,Lower-middle-income countries,OWID_LMC,2023,93.2,90.08,
1053,Lower-middle-income countries,OWID_LMC,2024,93.37,90.45,
1054,Macao,MAC,1981,95.14,94.21,Asia
1055,Macao,MAC,2001,99.43,99.81,Asia
1056,Macao,MAC,2006,99.59,99.7,Asia
1057,Macao,MAC,2011,99.65,99.69,Asia
1058,Macao,MAC,2016,99.73,99.87,Asia
1059,Madagascar,MDG,2000,72.65,68.19,Africa
1060,Madagascar,MDG,2012,78.41,75.3,Africa
1061,Madagascar,MDG,2018,80.58,79.18,Africa
1062,Madagascar,MDG,2021,82.53,82.24,Africa
1063,Malawi,MWI,1987,70.44,49.13,Africa
1064,Malawi,MWI,1998,82.09,70.7,Africa
1065,Malawi,MWI,2006,,72.23,Africa
1066,Malawi,MWI,2014,,75.73,Africa
1067,Malawi,MWI,2017,86.52268,84.46849,Africa
1068,Malawi,MWI,2018,88.25,87.07,Africa
1069,Malawi,MWI,2020,81.3,80.14,Africa
1070,Malaysia,MYS,1980,89.5,86.53,Asia
1071,Malaysia,MYS,1991,95.91,95.22,Asia
1072,Malaysia,MYS,2000,97.21,97.27,Asia
1073,Malaysia,MYS,2010,98.38,98.46,Asia
1074,Malaysia,MYS,2016,97.39,97.86,Asia
1075,Malaysia,MYS,2017,97.12,97.44,Asia
1076,Malaysia,MYS,2018,96.7,97.02,Asia
1077,Malaysia,MYS,2019,96.6,96.98,Asia
1078,Malaysia,MYS,2022,99.26,98.28,Asia
1079,Maldives,MDV,1977,84.13,87.12,Asia
1080,Maldives,MDV,1985,94.89,96.18,Asia
1081,Maldives,MDV,1990,98.08,98.32,Asia
1082,Maldives,MDV,1995,98.03,98.3,Asia
1083,Maldives,MDV,2000,98.03,98.3,Asia
1084,Maldives,MDV,2006,99.24,99.36,Asia
1085,Maldives,MDV,2014,99.08,99.44,Asia
1086,Maldives,MDV,2016,98.39,99.09,Asia
1087,Maldives,MDV,2017,97.31,99.67,Asia
1088,Maldives,MDV,2019,98.62,98.87,Asia
1089,Mali,MLI,1976,26.67,13.47,Africa
1090,Mali,MLI,1998,32.25,16.86,Africa
1091,Mali,MLI,2006,47.38,30.8,Africa
1092,Mali,MLI,2010,56.37,33.95,Africa
1093,Mali,MLI,2011,56.32,29.7,Africa
1094,Mali,MLI,2015,60.53,39.21,Africa
1095,Mali,MLI,2018,57.83,43.4,Africa
1096,Mali,MLI,2020,44.16,60.92,Africa
1097,Mali,MLI,2024,57.24,43.12,Africa
1098,Malta,MLT,1985,96.93,98.87,Europe
1099,Malta,MLT,1995,94.37,97.81,Europe
1100,Malta,MLT,2005,97.46,99.11,Europe
1101,Malta,MLT,2011,98.4,99.39,Europe
1102,Marshall Islands,MHL,2011,98.17,98.76,Oceania
1103,Marshall Islands,MHL,2019,99.01,97.22,Oceania
1104,Marshall Islands,MHL,2021,95.4913,97.28088,Oceania
1105,Martinique,MTQ,1982,99.21,98.54,North America
1106,Mauritania,MRT,2000,67.73,55.48,Africa
1107,Mauritania,MRT,2007,,47.94,Africa
1108,Mauritania,MRT,2011,,57.65,Africa
1109,Mauritania,MRT,2013,74.22,68.05,Africa
1110,Mauritania,MRT,2015,86.73,75.7,Africa
1111,Mauritania,MRT,2020,75.26,66.98,Africa
1112,Mauritius,MUS,1990,90.7,91.71,Africa
1113,Mauritius,MUS,2000,93.72,95.36,Africa
1114,Mauritius,MUS,2011,97.69,98.58,Africa
1115,Mauritius,MUS,2021,100.0,100.0,Africa
1116,Mauritius,MUS,2022,100.0,100.0,Africa
1117,Mauritius,MUS,2023,99.81589,100.0,Africa
1118,Mexico,MEX,1980,93.09,90.86,North America
1119,Mexico,MEX,1990,95.96,94.9,North America
1120,Mexico,MEX,2000,96.75,96.48,North America
1121,Mexico,MEX,2002,97.94,97.27,North America
1122,Mexico,MEX,2004,97.52,97.61,North America
1123,Mexico,MEX,2005,97.64,97.63,North America
1124,Mexico,MEX,2006,98.11,97.69,North America
1125,Mexico,MEX,2007,98.2,98.12,North America
1126,Mexico,MEX,2008,98.41,98.36,North America
1127,Mexico,MEX,2009,98.67,98.38,North America
1128,Mexico,MEX,2010,98.38,98.49,North America
1129,Mexico,MEX,2011,98.42,98.51,North America
1130,Mexico,MEX,2012,98.72,99.03,North America
1131,Mexico,MEX,2013,98.53,98.6,North America
1132,Mexico,MEX,2014,98.92,99.08,North America
1133,Mexico,MEX,2015,98.87,99.01,North America
1134,Mexico,MEX,2016,99.03,99.21,North America
1135,Mexico,MEX,2017,99.08,99.17,North America
1136,Mexico,MEX,2018,99.25,99.39,North America
1137,Mexico,MEX,2019,99.13794,99.249664,North America
1138,Mexico,MEX,2020,98.99,99.17,North America
1139,Mexico,MEX,2021,99.19609,99.31327,North America
1140,Mexico,MEX,2022,98.74,99.17,North America
1141,Mexico,MEX,2023,99.061646,99.26538,North America
1142,Mexico,MEX,2024,98.79,99.05,North America
1143,Moldova,MDA,1989,99.72,99.74,Europe
1144,Moldova,MDA,2000,99.4,99.65,Europe
1145,Moldova,MDA,2005,99.87,99.95,Europe
1146,Moldova,MDA,2012,100.0,99.84,Europe
1147,Moldova,MDA,2014,99.81,99.82,Europe
1148,Mongolia,MNG,2000,97.0,98.43,Asia
1149,Mongolia,MNG,2010,98.02,98.91,Asia
1150,Mongolia,MNG,2018,99.64,99.42,Asia
1151,Mongolia,MNG,2019,98.43,99.32,Asia
1152,Mongolia,MNG,2020,98.93,99.23,Asia
1153,Mongolia,MNG,2021,99.798096,100.0,Asia
1154,Mongolia,MNG,2022,99.62,99.77,Asia
1155,Mongolia,MNG,2023,99.34,99.67,Asia
1156,Mongolia,MNG,2024,99.69,98.93,Asia
1157,Montenegro,MNE,1981,99.15,98.29,Europe
1158,Montenegro,MNE,1991,99.26,98.99,Europe
1159,Montenegro,MNE,2003,99.46,99.36,Europe
1160,Montenegro,MNE,2005,,99.21,Europe
1161,Montenegro,MNE,2011,99.36,99.05,Europe
1162,Montenegro,MNE,2013,,99.76,Europe
1163,Montenegro,MNE,2018,96.23,98.95,Europe
1164,Morocco,MAR,1982,58.12,30.95,Africa
1165,Morocco,MAR,1994,71.38,46.0,Africa
1166,Morocco,MAR,2004,80.8,60.49,Africa
1167,Morocco,MAR,2008,85.81,69.9,Africa
1168,Morocco,MAR,2009,86.73,72.15,Africa
1169,Morocco,MAR,2011,88.83,74.03,Africa
1170,Morocco,MAR,2012,94.38,87.61,Africa
1171,Morocco,MAR,2014,92.97,85.28,Africa
1172,Mozambique,MOZ,1980,63.95,25.12,Africa
1173,Mozambique,MOZ,1997,59.45,36.55,Africa
1174,Mozambique,MOZ,2003,74.36,50.04,Africa
1175,Mozambique,MOZ,2008,,39.45,Africa
1176,Mozambique,MOZ,2009,79.84,56.54,Africa
1177,Mozambique,MOZ,2015,79.07,62.67,Africa
1178,Mozambique,MOZ,2017,77.26,65.49,Africa
1179,Mozambique,MOZ,2020,76.46,64.51,Africa
1180,Mozambique,MOZ,2022,78.37104,65.42436,Africa
1181,Myanmar,MMR,1983,88.57,81.34,Asia
1182,Myanmar,MMR,2000,95.79,93.47,Asia
1183,Myanmar,MMR,2014,95.37,94.47,Asia
1184,Myanmar,MMR,2016,91.16,89.65,Asia
1185,Myanmar,MMR,2018,99.22583,99.10344,Asia
1186,Myanmar,MMR,2019,95.27,95.55,Asia
1187,Myanmar,MMR,2020,96.28198,96.43574,Asia
1188,Namibia,NAM,1991,85.7,90.42,Africa
1189,Namibia,NAM,2000,88.26,90.65,Africa
1190,Namibia,NAM,2001,91.15,93.63,Africa
1191,Namibia,NAM,2007,88.77,93.54,Africa
1192,Namibia,NAM,2011,93.46,95.35,Africa
1193,Namibia,NAM,2013,92.08,96.09,Africa
1194,Namibia,NAM,2016,94.6365,94.8859,Africa
1195,Namibia,NAM,2018,91.8393,93.76566,Africa
1196,Namibia,NAM,2023,90.79,93.48,Africa
1197,Nauru,NRU,2021,88.4264,96.905014,Oceania
1198,Nepal,NPL,1981,45.1,14.97,Asia
1199,Nepal,NPL,1991,68.23,32.67,Asia
1200,Nepal,NPL,2001,80.62,60.14,Asia
1201,Nepal,NPL,2006,94.24,75.51,Asia
1202,Nepal,NPL,2008,90.98288,75.824905,Asia
1203,Nepal,NPL,2011,89.88,80.21,Asia
1204,Nepal,NPL,2016,94.44,84.58,Asia
1205,Nepal,NPL,2017,95.46287,90.89088,Asia
1206,Nepal,NPL,2019,96.81,92.07,Asia
1207,New Caledonia,NCL,1976,97.0,97.96,Oceania
1208,New Caledonia,NCL,1989,98.66,98.86,Oceania
1209,New Caledonia,NCL,1996,99.05,99.14,Oceania
1210,Nicaragua,NIC,2001,83.63,88.82,North America
1211,Nicaragua,NIC,2005,85.16,88.84,North America
1212,Nicaragua,NIC,2009,92.6,94.8,North America
1213,Nicaragua,NIC,2012,93.8084,95.90167,North America
1214,Nicaragua,NIC,2014,94.1,96.6,North America
1215,Niger,NER,2001,26.23,14.23,Africa
1216,Niger,NER,2005,52.45,23.2,Africa
1217,Niger,NER,2006,33.02,11.17,Africa
1218,Niger,NER,2012,48.56,31.64,Africa
1219,Niger,NER,2014,57.016834,36.482254,Africa
1220,Niger,NER,2018,56.89,36.37,Africa
1221,Niger,NER,2022,63.96,44.74,Africa
1222,Nigeria,NGA,1991,81.36,62.49,Africa
1223,Nigeria,NGA,2003,78.13,60.51,Africa
1224,Nigeria,NGA,2006,83.12,74.5,Africa
1225,Nigeria,NGA,2007,,70.18,Africa
1226,Nigeria,NGA,2008,78.5,51.6,Africa
1227,Nigeria,NGA,2011,,79.84,Africa
1228,Nigeria,NGA,2013,86.17,70.75,Africa
1229,Nigeria,NGA,2016,78.43,67.12,Africa
1230,Nigeria,NGA,2019,88.1255,,Africa
1231,Nigeria,NGA,2021,77.78,69.05,Africa
1232,Nigeria,NGA,2024,81.31,81.43,Africa
1233,Niue,NIU,2017,100.0,100.0,Oceania
1234,Niue,NIU,2022,100.0,100.0,Oceania
1235,North America (WB),WB_NA,2003,99.63,99.55,
1236,North America (WB),WB_NA,2004,99.63,99.55,
1237,North America (WB),WB_NA,2005,99.63,99.55,
1238,North America (WB),WB_NA,2006,99.64,99.55,
1239,North America (WB),WB_NA,2007,99.64,99.55,
1240,North America (WB),WB_NA,2008,99.64,99.55,
1241,North America (WB),WB_NA,2017,99.66,99.57,
1242,North America (WB),WB_NA,2018,99.66,99.57,
1243,North America (WB),WB_NA,2019,99.66,99.57,
1244,North America (WB),WB_NA,2020,99.66,99.57,
1245,North America (WB),WB_NA,2021,99.66,99.57,
1246,North America (WB),WB_NA,2022,99.67,99.57,
1247,North Korea,PRK,2008,100.0,100.0,Asia
1248,North Macedonia,MKD,1994,99.14,98.57,Europe
1249,North Macedonia,MKD,2002,98.99,98.49,Europe
1250,North Macedonia,MKD,2005,,98.69,Europe
1251,North Macedonia,MKD,2011,,99.36,Europe
1252,North Macedonia,MKD,2018,,98.75,Europe
1253,Northern Africa and Western Asia (SDG),,1976,,61.72,
1254,Northern Africa and Western Asia (SDG),,1977,,62.36,
1255,Northern Africa and Western Asia (SDG),,1978,82.65,63.04,
1256,Northern Africa and Western Asia (SDG),,1979,83.35,63.52,
1257,Northern Africa and Western Asia (SDG),,1980,83.41,64.18,
1258,Northern Africa and Western Asia (SDG),,1981,83.5,64.88,
1259,Northern Africa and Western Asia (SDG),,1982,83.63,65.65,
1260,Northern Africa and Western Asia (SDG),,1983,83.92,65.95,
1261,Northern Africa and Western Asia (SDG),,1984,84.67,67.99,
1262,Northern Africa and Western Asia (SDG),,1985,85.01,68.82,
1263,Northern Africa and Western Asia (SDG),,1986,85.38,69.67,
1264,Northern Africa and Western Asia (SDG),,1987,85.73,70.49,
1265,Northern Africa and Western Asia (SDG),,1988,86.16,71.43,
1266,Northern Africa and Western Asia (SDG),,1989,86.76,72.06,
1267,Northern Africa and Western Asia (SDG),,1990,87.23,73.04,
1268,Northern Africa and Western Asia (SDG),,1991,88.0,74.03,
1269,Northern Africa and Western Asia (SDG),,1992,88.43,74.94,
1270,Northern Africa and Western Asia (SDG),,1993,88.47,74.26,
1271,Northern Africa and Western Asia (SDG),,1994,88.77,75.11,
1272,Northern Africa and Western Asia (SDG),,1995,89.1,75.97,
1273,Northern Africa and Western Asia (SDG),,1996,89.43,76.95,
1274,Northern Africa and Western Asia (SDG),,1997,89.72,77.9,
1275,Northern Africa and Western Asia (SDG),,1998,89.9,78.85,
1276,Northern Africa and Western Asia (SDG),,1999,90.1,79.74,
1277,Northern Africa and Western Asia (SDG),,2000,90.54,80.53,
1278,Northern Africa and Western Asia (SDG),,2001,90.89,81.46,
1279,Northern Africa and Western Asia (SDG),,2002,91.15,82.33,
1280,Northern Africa and Western Asia (SDG),,2003,92.44,82.62,
1281,Northern Africa and Western Asia (SDG),,2004,92.61,83.44,
1282,Northern Africa and Western Asia (SDG),,2005,92.79,84.08,
1283,Northern Africa and Western Asia (SDG),,2006,91.1,83.54,
1284,Northern Africa and Western Asia (SDG),,2007,91.72,84.36,
1285,Northern Africa and Western Asia (SDG),,2008,92.1,85.13,
1286,Northern Africa and Western Asia (SDG),,2009,92.29,85.32,
1287,Northern Africa and Western Asia (SDG),,2010,92.52,85.98,
1288,Northern Africa and Western Asia (SDG),,2011,92.91,86.55,
1289,Northern Africa and Western Asia (SDG),,2012,93.59,87.69,
1290,Northern Africa and Western Asia (SDG),,2013,94.03,89.01,
1291,Northern Africa and Western Asia (SDG),,2014,94.09,89.22,
1292,Northern Africa and Western Asia (SDG),,2015,94.2,89.68,
1293,Northern Africa and Western Asia (SDG),,2016,93.1,88.61,
1294,Northern Africa and Western Asia (SDG),,2017,93.36,89.37,
1295,Northern Africa and Western Asia (SDG),,2018,93.46,89.71,
1296,Northern Africa and Western Asia (SDG),,2019,93.58,89.98,
1297,Northern Africa and Western Asia (SDG),,2020,93.72,90.25,
1298,Northern Africa and Western Asia (SDG),,2021,93.87,90.49,
1299,Northern Africa and Western Asia (SDG),,2022,93.99,90.7,
1300,Northern Africa and Western Asia (SDG),,2023,94.1,90.88,
1301,Northern Africa and Western Asia (SDG),,2024,94.26,91.09,
1302,Oceania (excluding Australia and New Zealand) (SDG),,1994,78.04,69.88,
1303,Oceania (excluding Australia and New Zealand) (SDG),,1995,77.97,69.74,
1304,Oceania (excluding Australia and New Zealand) (SDG),,1996,77.84,70.44,
1305,Oceania (excluding Australia and New Zealand) (SDG),,1997,77.6,71.06,
1306,Oceania (excluding Australia and New Zealand) (SDG),,1998,77.26,71.62,
1307,Oceania (excluding Australia and New Zealand) (SDG),,1999,76.62,71.88,
1308,Oceania (excluding Australia and New Zealand) (SDG),,2000,75.71,71.83,
1309,Oceania (excluding Australia and New Zealand) (SDG),,2001,75.22,72.25,
1310,Oceania (excluding Australia and New Zealand) (SDG),,2002,74.67,72.65,
1311,Oceania (excluding Australia and New Zealand) (SDG),,2003,74.09,73.05,
1312,Oceania (excluding Australia and New Zealand) (SDG),,2004,73.54,73.47,
1313,Oceania (excluding Australia and New Zealand) (SDG),,2005,72.99,73.88,
1314,Oceania (excluding Australia and New Zealand) (SDG),,2006,72.4,74.21,
1315,Oceania (excluding Australia and New Zealand) (SDG),,2007,71.86,74.58,
1316,Oceania (excluding Australia and New Zealand) (SDG),,2008,71.37,74.97,
1317,Oceania (excluding Australia and New Zealand) (SDG),,2009,71.06,75.64,
1318,Oceania (excluding Australia and New Zealand) (SDG),,2010,70.97,76.59,
1319,Oceania (excluding Australia and New Zealand) (SDG),,2011,70.88,76.55,
1320,Oceania (excluding Australia and New Zealand) (SDG),,2012,70.8,76.53,
1321,Oceania (excluding Australia and New Zealand) (SDG),,2013,70.72,76.5,
1322,Oceania (excluding Australia and New Zealand) (SDG),,2014,70.62,76.47,
1323,Oceania (excluding Australia and New Zealand) (SDG),,2016,70.41,,
1324,Oceania (excluding Australia and New Zealand) (SDG),,2017,70.34,76.31,
1325,Oceania (excluding Australia and New Zealand) (SDG),,2018,70.26,76.27,
1326,Oceania (excluding Australia and New Zealand) (SDG),,2019,70.21,76.24,
1327,Oceania (excluding Australia and New Zealand) (SDG),,2020,70.15,76.19,
1328,Oceania (excluding Australia and New Zealand) (SDG),,2021,70.13,76.17,
1329,Oman,OMN,2003,66.24,84.98,Asia
1330,Oman,OMN,2008,97.63,97.62,Asia
1331,Oman,OMN,2010,97.41,98.17,Asia
1332,Oman,OMN,2015,99.43,98.75,Asia
1333,Oman,OMN,2017,98.46,98.96,Asia
1334,Oman,OMN,2018,98.36,98.98,Asia
1335,Oman,OMN,2020,99.68,99.68,Asia
1336,Oman,OMN,2022,99.65,99.68,Asia
1337,Pakistan,PAK,1981,44.5,23.83,Asia
1338,Pakistan,PAK,1998,67.15,43.11,Asia
1339,Pakistan,PAK,2005,76.65,53.09,Asia
1340,Pakistan,PAK,2006,79.1,58.37,Asia
1341,Pakistan,PAK,2007,75.24,56.78,Asia
1342,Pakistan,PAK,2008,79.42,61.25,Asia
1343,Pakistan,PAK,2009,79.14,61.46,Asia
1344,Pakistan,PAK,2010,79.5,62.3,Asia
1345,Pakistan,PAK,2011,78.04,63.14,Asia
1346,Pakistan,PAK,2012,80.29,64.47,Asia
1347,Pakistan,PAK,2013,79.4,63.44,Asia
1348,Pakistan,PAK,2014,79.77,65.55,Asia
1349,Pakistan,PAK,2017,81.26,67.54,Asia
1350,Pakistan,PAK,2018,79.78,64.35,Asia
1351,Pakistan,PAK,2019,79.73,65.19,Asia
1352,Pakistan,PAK,2021,79.46,66.52,Asia
1353,Palau,PLW,1980,94.19,94.36,Oceania
1354,Palau,PLW,2013,99.77,99.83,Oceania
1355,Palau,PLW,2015,98.25,99.17,Oceania
1356,Palau,PLW,2020,100.0,100.0,Oceania
1357,Palestine,PSE,1997,96.92,97.19,Asia
1358,Palestine,PSE,2004,99.02,98.88,Asia
1359,Palestine,PSE,2006,99.04,99.15,Asia
1360,Palestine,PSE,2007,99.14,98.99,Asia
1361,Palestine,PSE,2008,99.27,99.04,Asia
1362,Palestine,PSE,2009,99.23,99.23,Asia
1363,Palestine,PSE,2010,99.2,99.24,Asia
1364,Palestine,PSE,2011,99.26,99.36,Asia
1365,Palestine,PSE,2012,99.34,99.23,Asia
1366,Palestine,PSE,2013,99.42,99.27,Asia
1367,Palestine,PSE,2014,99.41,99.32,Asia
1368,Palestine,PSE,2015,99.41,99.27,Asia
1369,Palestine,PSE,2016,99.45,99.31,Asia
1370,Palestine,PSE,2017,99.26,99.37,Asia
1371,Palestine,PSE,2018,99.29,99.38,Asia
1372,Palestine,PSE,2019,99.37,99.3,Asia
1373,Palestine,PSE,2020,99.22,99.25,Asia
1374,Palestine,PSE,2021,99.4377,99.4489,Asia
1375,Palestine,PSE,2022,99.39,99.33,Asia
1376,Palestine,PSE,2024,99.94192,99.19472,Asia
1377,Panama,PAN,1980,95.93,96.28,North America
1378,Panama,PAN,1990,95.39,94.78,North America
1379,Panama,PAN,2000,96.53,95.62,North America
1380,Panama,PAN,2010,97.93,97.34,North America
1381,Panama,PAN,2014,98.4,97.6,North America
1382,Panama,PAN,2015,98.4,98.1,North America
1383,Panama,PAN,2016,99.1,98.4,North America
1384,Panama,PAN,2017,99.3,98.8,North America
1385,Panama,PAN,2018,99.31,98.87,North America
1386,Panama,PAN,2019,98.9,98.86,North America
1387,Panama,PAN,2021,99.3,99.2,North America
1388,Panama,PAN,2022,99.4,99.3,North America
1389,Panama,PAN,2023,98.8,98.9,North America
1390,Panama,PAN,2024,99.62014,99.41684,North America
1391,Papua New Guinea,PNG,2000,69.13,64.06,Oceania
1392,Papua New Guinea,PNG,2010,85.0142,77.1492,Oceania
1393,Papua New Guinea,PNG,2017,87.26,78.09,Oceania
1394,Papua New Guinea,PNG,2022,92.692955,91.10524,Oceania
1395,Paraguay,PRY,1982,90.17,89.0,South America
1396,Paraguay,PRY,1992,95.86,95.36,South America
1397,Paraguay,PRY,2001,95.7,95.6,South America
1398,Paraguay,PRY,2002,97.6,97.3,South America
1399,Paraguay,PRY,2003,97.3,97.5,South America
1400,Paraguay,PRY,2004,97.3,97.2,South America
1401,Paraguay,PRY,2005,97.6,98.1,South America
1402,Paraguay,PRY,2006,98.4,97.9,South America
1403,Paraguay,PRY,2007,98.81,98.78,South America
1404,Paraguay,PRY,2008,97.69,98.23,South America
1405,Paraguay,PRY,2009,98.04,98.99,South America
1406,Paraguay,PRY,2010,98.5,98.73,South America
1407,Paraguay,PRY,2011,98.3,98.7,South America
1408,Paraguay,PRY,2012,98.25,98.1,South America
1409,Paraguay,PRY,2013,98.6,99.2,South America
1410,Paraguay,PRY,2014,98.96,98.46,South America
1411,Paraguay,PRY,2015,98.35,98.97,South America
1412,Paraguay,PRY,2016,98.21,98.7,South America
1413,Paraguay,PRY,2017,97.7,98.9,South America
1414,Paraguay,PRY,2018,97.73,98.87,South America
1415,Paraguay,PRY,2019,98.04,98.68,South America
1416,Paraguay,PRY,2020,98.63,98.66,South America
1417,Paraguay,PRY,2021,98.1,99.2,South America
1418,Paraguay,PRY,2022,98.5,98.8,South America
1419,Paraguay,PRY,2023,98.8,99.0,South America
1420,Paraguay,PRY,2024,98.61,98.62,South America
1421,Peru,PER,1981,96.51,89.76,South America
1422,Peru,PER,1993,96.99,93.79,South America
1423,Peru,PER,2000,99.1,96.1,South America
1424,Peru,PER,2001,98.2,96.1,South America
1425,Peru,PER,2002,97.6,95.9,South America
1426,Peru,PER,2003,97.6,96.0,South America
1427,Peru,PER,2004,97.8,95.66,South America
1428,Peru,PER,2005,97.92,96.29,South America
1429,Peru,PER,2006,98.51,96.96,South America
1430,Peru,PER,2007,98.01,96.71,South America
1431,Peru,PER,2008,98.2,97.5,South America
1432,Peru,PER,2009,98.7,97.9,South America
1433,Peru,PER,2010,98.6,98.0,South America
1434,Peru,PER,2011,98.6,98.3,South America
1435,Peru,PER,2012,98.72,98.68,South America
1436,Peru,PER,2013,98.9,98.9,South America
1437,Peru,PER,2014,99.16,98.79,South America
1438,Peru,PER,2015,99.24,98.77,South America
1439,Peru,PER,2016,99.09,98.67,South America
1440,Peru,PER,2017,99.26,98.85,South America
1441,Peru,PER,2018,99.08,98.97,South America
1442,Peru,PER,2019,99.1,99.1,South America
1443,Peru,PER,2020,99.52,99.35,South America
1444,Peru,PER,2021,99.1,99.2,South America
1445,Peru,PER,2022,99.3,99.3,South America
1446,Peru,PER,2023,99.3,99.4,South America
1447,Peru,PER,2024,99.4,99.59,South America
1448,Philippines,PHL,1980,91.06,92.47,Asia
1449,Philippines,PHL,1990,96.28,96.88,Asia
1450,Philippines,PHL,1994,95.82,96.28,Asia
1451,Philippines,PHL,2000,94.46,95.72,Asia
1452,Philippines,PHL,2003,93.58,96.58,Asia
1453,Philippines,PHL,2008,97.02,98.49,Asia
1454,Philippines,PHL,2010,97.64,98.03,Asia
1455,Philippines,PHL,2013,97.43,98.82,Asia
1456,Philippines,PHL,2015,98.9,99.27,Asia
1457,Philippines,PHL,2017,100.0,100.0,Asia
1458,Philippines,PHL,2019,97.9,98.89,Asia
1459,Philippines,PHL,2020,99.11,99.33,Asia
1460,Philippines,PHL,2022,100.0,99.52,Asia
1461,Poland,POL,1978,99.78,99.82,Europe
1462,Portugal,PRT,1981,97.66,98.22,Europe
1463,Portugal,PRT,1991,99.14,99.26,Europe
1464,Portugal,PRT,2011,99.39,99.48,Europe
1465,Puerto Rico,PRI,1980,93.02,94.4,North America
1466,Puerto Rico,PRI,1990,92.22,94.11,North America
1467,Puerto Rico,PRI,2010,98.81,98.85,North America
1468,Puerto Rico,PRI,2017,92.39,92.39,North America
1469,Qatar,QAT,1986,88.53,91.23,Asia
1470,Qatar,QAT,1997,94.12,95.81,Asia
1471,Qatar,QAT,2004,94.89,97.54,Asia
1472,Qatar,QAT,2007,99.1,98.97,Asia
1473,Qatar,QAT,2008,95.32,96.88,Asia
1474,Qatar,QAT,2009,97.7,97.95,Asia
1475,Qatar,QAT,2010,96.32,98.26,Asia
1476,Qatar,QAT,2011,97.58,98.75,Asia
1477,Qatar,QAT,2012,98.69,99.83,Asia
1478,Qatar,QAT,2013,98.82,99.33,Asia
1479,Qatar,QAT,2014,98.38,99.65,Asia
1480,Qatar,QAT,2016,98.67,99.33,Asia
1481,Qatar,QAT,2017,98.87,99.27,Asia
1482,Qatar,QAT,2022,99.02,100.0,Asia
1483,Qatar,QAT,2023,99.65,100.0,Asia
1484,Qatar,QAT,2024,99.69,100.0,Asia
1485,Reunion,REU,1982,93.8,97.52,Africa
1486,Romania,ROU,1992,99.18,99.03,Europe
1487,Romania,ROU,2002,97.74,97.78,Europe
1488,Romania,ROU,2011,99.01,98.98,Europe
1489,Romania,ROU,2021,99.94,99.94,Europe
1490,Russia,RUS,1989,99.69,99.75,Europe
1491,Russia,RUS,2002,99.68,99.77,Europe
1492,Russia,RUS,2010,99.66,99.76,Europe
1493,Russia,RUS,2021,99.91,99.93,Europe
1494,Rwanda,RWA,1978,59.66,44.69,Africa
1495,Rwanda,RWA,2000,78.52,76.86,Africa
1496,Rwanda,RWA,2005,72.72,68.21,Africa
1497,Rwanda,RWA,2010,80.31,80.06,Africa
1498,Rwanda,RWA,2012,81.12,83.49,Africa
1499,Rwanda,RWA,2014,83.81,86.26,Africa
1500,Rwanda,RWA,2015,87.92,89.17,Africa
1501,Rwanda,RWA,2018,84.33,88.5,Africa
1502,Rwanda,RWA,2020,90.36,92.7,Africa
1503,Rwanda,RWA,2022,87.51,92.37,Africa
1504,Saint Helena,SHN,1998,98.59,100.0,Africa
1505,Saint Lucia,LCA,2012,100.0,99.96,North America
1506,Saint Pierre and Miquelon,SPM,1982,99.47,99.44,North America
1507,Saint Vincent and the Grenadines,VCT,1970,97.92,98.0,North America
1508,Samoa,WSM,1991,99.12,98.95,Oceania
1509,Samoa,WSM,2011,99.03,99.46,Oceania
1510,Samoa,WSM,2016,99.66,99.72,Oceania
1511,Samoa,WSM,2017,100.0,100.0,Oceania
1512,Samoa,WSM,2019,98.54,99.56,Oceania
1513,San Marino,SMR,2022,100.0,100.0,Europe
1514,Sao Tome and Principe,STP,1981,90.82,74.06,Africa
1515,Sao Tome and Principe,STP,1991,95.81,91.85,Africa
1516,Sao Tome and Principe,STP,2001,95.97,94.85,Africa
1517,Sao Tome and Principe,STP,2012,97.12,96.35,Africa
1518,Sao Tome and Principe,STP,2014,,100.0,Africa
1519,Sao Tome and Principe,STP,2019,95.85,95.07,Africa
1520,Saudi Arabia,SAU,1992,93.96,81.07,Asia
1521,Saudi Arabia,SAU,2000,98.07,93.71,Asia
1522,Saudi Arabia,SAU,2004,96.95,94.68,Asia
1523,Saudi Arabia,SAU,2013,99.3,99.14,Asia
1524,Saudi Arabia,SAU,2017,99.32,99.28,Asia
1525,Saudi Arabia,SAU,2020,99.55,99.45,Asia
1526,Saudi Arabia,SAU,2024,100.0,99.75,Asia
1527,Senegal,SEN,1988,49.13,28.03,Africa
1528,Senegal,SEN,2002,58.49,40.97,Africa
1529,Senegal,SEN,2005,57.43,34.01,Africa
1530,Senegal,SEN,2006,58.13,44.54,Africa
1531,Senegal,SEN,2009,72.5,54.62,Africa
1532,Senegal,SEN,2011,73.73,58.74,Africa
1533,Senegal,SEN,2013,62.83,51.15,Africa
1534,Senegal,SEN,2014,63.45,51.06,Africa
1535,Senegal,SEN,2015,65.79,56.88,Africa
1536,Senegal,SEN,2016,69.41,59.89,Africa
1537,Senegal,SEN,2017,75.58,63.5,Africa
1538,Senegal,SEN,2018,66.22,65.69,Africa
1539,Senegal,SEN,2019,68.82,64.03,Africa
1540,Senegal,SEN,2022,76.60528,,Africa
1541,Senegal,SEN,2023,69.27,65.6,Africa
1542,Serbia,SRB,2003,99.39,99.32,Europe
1543,Serbia,SRB,2005,,99.63,Europe
1544,Serbia,SRB,2011,99.35,99.27,Europe
1545,Serbia,SRB,2014,,99.83,Europe
1546,Serbia,SRB,2016,99.72,99.72,Europe
1547,Serbia,SRB,2019,100.0,100.0,Europe
1548,Serbia,SRB,2022,99.72,99.75,Europe
1549,Seychelles,SYC,1987,96.81,98.46,Africa
1550,Seychelles,SYC,1994,98.49,99.14,Africa
1551,Seychelles,SYC,2002,98.77,99.37,Africa
1552,Seychelles,SYC,2010,98.59,99.38,Africa
1553,Sierra Leone,SLE,2004,59.61,37.36,Africa
1554,Sierra Leone,SLE,2005,,37.15,Africa
1555,Sierra Leone,SLE,2008,73.58,41.3,Africa
1556,Sierra Leone,SLE,2010,,49.46,Africa
1557,Sierra Leone,SLE,2013,79.69,57.34,Africa
1558,Sierra Leone,SLE,2015,72.91,63.25,Africa
1559,Sierra Leone,SLE,2017,78.74,68.66,Africa
1560,Sierra Leone,SLE,2018,81.566696,73.36918,Africa
1561,Sierra Leone,SLE,2019,78.2,67.86,Africa
1562,Singapore,SGP,1980,96.41,96.16,Asia
1563,Singapore,SGP,1990,98.86,99.08,Asia
1564,Singapore,SGP,2000,99.41,99.6,Asia
1565,Singapore,SGP,2010,99.74,99.77,Asia
1566,Singapore,SGP,2011,99.89,99.88,Asia
1567,Singapore,SGP,2012,99.9,99.89,Asia
1568,Singapore,SGP,2013,99.9,99.9,Asia
1569,Singapore,SGP,2014,99.9,99.9,Asia
1570,Singapore,SGP,2015,99.74,99.84,Asia
1571,Singapore,SGP,2016,99.91,99.94,Asia
1572,Singapore,SGP,2017,99.92,99.94,Asia
1573,Singapore,SGP,2018,99.92,99.94,Asia
1574,Singapore,SGP,2019,99.91,99.94,Asia
1575,Singapore,SGP,2020,99.67,99.79,Asia
1576,Singapore,SGP,2021,99.87,99.91,Asia
1577,Slovenia,SVN,1991,99.74,99.78,Europe
1578,Solomon Islands,SLB,1999,87.523834,81.53545,Oceania
1579,Somalia,SOM,2006,,23.79,Africa
1580,Somalia,SOM,2019,83.23648,73.95871,Africa
1581,Somalia,SOM,2022,76.19,65.11,Africa
1582,South Africa,ZAF,1980,85.35,84.97,Africa
1583,South Africa,ZAF,1996,93.5,94.29,Africa
1584,South Africa,ZAF,2007,97.05,98.09,Africa
1585,South Africa,ZAF,2009,97.92,98.82,Africa
1586,South Africa,ZAF,2010,98.39,98.9,Africa
1587,South Africa,ZAF,2011,98.43,99.15,Africa
1588,South Africa,ZAF,2012,98.5,99.27,Africa
1589,South Africa,ZAF,2014,98.68,99.08,Africa
1590,South Africa,ZAF,2015,98.68,99.23,Africa
1591,South Africa,ZAF,2016,95.83,97.72,Africa
1592,South Africa,ZAF,2019,97.99,98.83,Africa
1593,South Africa,ZAF,2021,95.91,97.48,Africa
1594,South Africa,ZAF,2024,96.34,97.99,Africa
1595,South Asia (WB),WB_SA,1975,63.61,34.42,
1596,South Asia (WB),WB_SA,1976,63.58,34.41,
1597,South Asia (WB),WB_SA,1977,63.99,35.54,
1598,South Asia (WB),WB_SA,1978,64.31,36.66,
1599,South Asia (WB),WB_SA,1979,64.53,37.79,
1600,South Asia (WB),WB_SA,1980,64.69,38.82,
1601,South Asia (WB),WB_SA,1981,64.76,39.75,
1602,South Asia (WB),WB_SA,1982,64.94,40.86,
1603,South Asia (WB),WB_SA,1983,65.08,41.97,
1604,South Asia (WB),WB_SA,1984,65.18,43.09,
1605,South Asia (WB),WB_SA,1985,65.32,44.21,
1606,South Asia (WB),WB_SA,1986,65.52,45.33,
1607,South Asia (WB),WB_SA,1987,65.8,46.41,
1608,South Asia (WB),WB_SA,1988,69.1,43.82,
1609,South Asia (WB),WB_SA,1989,70.07,45.59,
1610,South Asia (WB),WB_SA,1990,70.91,47.31,
1611,South Asia (WB),WB_SA,1991,71.62,48.95,
1612,South Asia (WB),WB_SA,1992,72.4,50.63,
1613,South Asia (WB),WB_SA,1993,73.14,52.35,
1614,South Asia (WB),WB_SA,1994,73.83,54.09,
1615,South Asia (WB),WB_SA,1995,74.52,55.77,
1616,South Asia (WB),WB_SA,1996,75.2,57.39,
1617,South Asia (WB),WB_SA,1997,75.85,58.8,
1618,South Asia (WB),WB_SA,1998,80.61,61.8,
1619,South Asia (WB),WB_SA,1999,81.26,63.76,
1620,South Asia (WB),WB_SA,2000,81.8,65.61,
1621,South Asia (WB),WB_SA,2001,82.27,67.34,
1622,South Asia (WB),WB_SA,2002,82.84,69.11,
1623,South Asia (WB),WB_SA,2003,83.36,70.83,
1624,South Asia (WB),WB_SA,2004,83.84,72.53,
1625,South Asia (WB),WB_SA,2005,85.84,72.52,
1626,South Asia (WB),WB_SA,2006,84.5,73.63,
1627,South Asia (WB),WB_SA,2007,85.08,75.37,
1628,South Asia (WB),WB_SA,2008,85.65,77.02,
1629,South Asia (WB),WB_SA,2009,86.17,78.64,
1630,South Asia (WB),WB_SA,2010,88.14,80.39,
1631,South Asia (WB),WB_SA,2011,88.61,81.8,
1632,South Asia (WB),WB_SA,2012,88.67,82.68,
1633,South Asia (WB),WB_SA,2013,90.23,85.07,
1634,South Asia (WB),WB_SA,2014,90.6,86.21,
1635,South Asia (WB),WB_SA,2015,91.3,87.7,
1636,South Asia (WB),WB_SA,2016,92.18,89.16,
1637,South Asia (WB),WB_SA,2017,92.59,90.09,
1638,South Asia (WB),WB_SA,2018,92.95,90.89,
1639,South Asia (WB),WB_SA,2019,96.3,93.76,
1640,South Asia (WB),WB_SA,2020,96.49,94.36,
1641,South Asia (WB),WB_SA,2021,96.79,94.96,
1642,South Asia (WB),WB_SA,2022,96.85,95.38,
1643,South Asia (WB),WB_SA,2023,97.07,95.94,
1644,South Asia (WB),WB_SA,2024,97.27,96.46,
1645,South Korea,KOR,2008,99.91,100.0,Asia
1646,South Sudan,SSD,2008,44.08,29.58,Africa
1647,South Sudan,SSD,2010,,24.87,Africa
1648,Spain,ESP,1981,98.64,98.64,Europe
1649,Spain,ESP,1991,99.54,99.57,Europe
1650,Spain,ESP,2004,99.58,99.53,Europe
1651,Spain,ESP,2005,99.57,99.5,Europe
1652,Spain,ESP,2006,99.71,99.48,Europe
1653,Spain,ESP,2007,99.58,99.56,Europe
1654,Spain,ESP,2008,99.53,99.6,Europe
1655,Spain,ESP,2009,99.64,99.56,Europe
1656,Spain,ESP,2010,99.51,99.69,Europe
1657,Spain,ESP,2011,99.65,99.75,Europe
1658,Spain,ESP,2012,99.64,99.71,Europe
1659,Spain,ESP,2013,99.69,99.64,Europe
1660,Spain,ESP,2014,99.76,99.69,Europe
1661,Spain,ESP,2015,99.62,99.69,Europe
1662,Spain,ESP,2016,99.64,99.61,Europe
1663,Spain,ESP,2018,99.69,99.74,Europe
1664,Spain,ESP,2020,99.49,99.76,Europe
1665,Spain,ESP,2021,99.71,99.75,Europe
1666,Sri Lanka,LKA,1981,91.88,90.19,Asia
1667,Sri Lanka,LKA,2001,95.07,96.12,Asia
1668,Sri Lanka,LKA,2006,97.03,97.94,Asia
1669,Sri Lanka,LKA,2008,97.33,98.59,Asia
1670,Sri Lanka,LKA,2010,97.69,98.59,Asia
1671,Sri Lanka,LKA,2014,98.10371,98.93508,Asia
1672,Sri Lanka,LKA,2015,98.11796,98.66205,Asia
1673,Sri Lanka,LKA,2016,98.41,98.94,Asia
1674,Sri Lanka,LKA,2017,98.55,99.15,Asia
1675,Sri Lanka,LKA,2018,98.51,99.04,Asia
1676,Sri Lanka,LKA,2019,98.72,99.21,Asia
1677,Sri Lanka,LKA,2020,98.59,99.12,Asia
1678,Sri Lanka,LKA,2021,98.71,99.14,Asia
1679,Sri Lanka,LKA,2022,98.28,99.32,Asia
1680,Sri Lanka,LKA,2023,98.95,99.26,Asia
1681,Sri Lanka,LKA,2024,98.7,99.05,Asia
1682,Sub-Saharan Africa (SDG),,1984,70.26,53.48,
1683,Sub-Saharan Africa (SDG),,1985,70.61,54.18,
1684,Sub-Saharan Africa (SDG),,1986,70.84,54.67,
1685,Sub-Saharan Africa (SDG),,1987,71.34,55.59,
1686,Sub-Saharan Africa (SDG),,1988,71.48,56.19,
1687,Sub-Saharan Africa (SDG),,1989,71.87,57.0,
1688,Sub-Saharan Africa (SDG),,1990,72.16,57.92,
1689,Sub-Saharan Africa (SDG),,1991,72.23,58.51,
1690,Sub-Saharan Africa (SDG),,1992,72.05,58.82,
1691,Sub-Saharan Africa (SDG),,1993,72.1,59.61,
1692,Sub-Saharan Africa (SDG),,1994,72.22,60.16,
1693,Sub-Saharan Africa (SDG),,1995,72.03,60.73,
1694,Sub-Saharan Africa (SDG),,1996,72.03,61.5,
1695,Sub-Saharan Africa (SDG),,1997,72.19,62.43,
1696,Sub-Saharan Africa (SDG),,1998,72.26,62.42,
1697,Sub-Saharan Africa (SDG),,1999,73.01,63.17,
1698,Sub-Saharan Africa (SDG),,2000,72.08,60.53,
1699,Sub-Saharan Africa (SDG),,2001,72.33,61.41,
1700,Sub-Saharan Africa (SDG),,2002,74.6,61.75,
1701,Sub-Saharan Africa (SDG),,2003,74.46,62.31,
1702,Sub-Saharan Africa (SDG),,2004,74.93,62.97,
1703,Sub-Saharan Africa (SDG),,2005,74.35,62.56,
1704,Sub-Saharan Africa (SDG),,2006,74.47,62.13,
1705,Sub-Saharan Africa (SDG),,2007,74.49,62.31,
1706,Sub-Saharan Africa (SDG),,2008,74.63,62.69,
1707,Sub-Saharan Africa (SDG),,2009,74.98,63.05,
1708,Sub-Saharan Africa (SDG),,2010,75.56,64.31,
1709,Sub-Saharan Africa (SDG),,2011,76.92,67.08,
1710,Sub-Saharan Africa (SDG),,2012,78.22,68.62,
1711,Sub-Saharan Africa (SDG),,2013,79.04,69.79,
1712,Sub-Saharan Africa (SDG),,2014,79.11,70.44,
1713,Sub-Saharan Africa (SDG),,2015,79.45,71.32,
1714,Sub-Saharan Africa (SDG),,2016,79.66,72.23,
1715,Sub-Saharan Africa (SDG),,2017,79.93,73.06,
1716,Sub-Saharan Africa (SDG),,2018,81.05,74.72,
1717,Sub-Saharan Africa (SDG),,2019,81.12,75.1,
1718,Sub-Saharan Africa (SDG),,2020,81.18,75.31,
1719,Sub-Saharan Africa (SDG),,2021,81.26,75.68,
1720,Sub-Saharan Africa (SDG),,2022,81.39,76.05,
1721,Sub-Saharan Africa (SDG),,2023,81.53,76.39,
1722,Sub-Saharan Africa (SDG),,2024,81.7,76.71,
1723,Sub-Saharan Africa (WB),WB_SSA,1985,71.19,54.66,
1724,Sub-Saharan Africa (WB),WB_SSA,1986,71.41,55.12,
1725,Sub-Saharan Africa (WB),WB_SSA,1987,71.88,56.0,
1726,Sub-Saharan Africa (WB),WB_SSA,1988,72.0,56.57,
1727,Sub-Saharan Africa (WB),WB_SSA,1989,72.36,57.34,
1728,Sub-Saharan Africa (WB),WB_SSA,1990,72.63,58.21,
1729,Sub-Saharan Africa (WB),WB_SSA,1991,72.69,58.78,
1730,Sub-Saharan Africa (WB),WB_SSA,1992,72.52,59.06,
1731,Sub-Saharan Africa (WB),WB_SSA,1993,72.55,59.82,
1732,Sub-Saharan Africa (WB),WB_SSA,1994,72.67,60.35,
1733,Sub-Saharan Africa (WB),WB_SSA,1995,72.48,60.9,
1734,Sub-Saharan Africa (WB),WB_SSA,1996,72.5,61.69,
1735,Sub-Saharan Africa (WB),WB_SSA,1997,72.68,62.65,
1736,Sub-Saharan Africa (WB),WB_SSA,1998,72.76,62.7,
1737,Sub-Saharan Africa (WB),WB_SSA,1999,73.5,63.48,
1738,Sub-Saharan Africa (WB),WB_SSA,2000,72.61,61.0,
1739,Sub-Saharan Africa (WB),WB_SSA,2001,72.87,61.9,
1740,Sub-Saharan Africa (WB),WB_SSA,2002,75.07,62.28,
1741,Sub-Saharan Africa (WB),WB_SSA,2003,74.93,62.87,
1742,Sub-Saharan Africa (WB),WB_SSA,2004,75.4,63.55,
1743,Sub-Saharan Africa (WB),WB_SSA,2005,74.85,63.2,
1744,Sub-Saharan Africa (WB),WB_SSA,2006,74.22,62.06,
1745,Sub-Saharan Africa (WB),WB_SSA,2007,74.26,62.28,
1746,Sub-Saharan Africa (WB),WB_SSA,2008,74.4,62.69,
1747,Sub-Saharan Africa (WB),WB_SSA,2009,74.75,63.08,
1748,Sub-Saharan Africa (WB),WB_SSA,2010,75.32,64.34,
1749,Sub-Saharan Africa (WB),WB_SSA,2011,76.64,67.04,
1750,Sub-Saharan Africa (WB),WB_SSA,2012,77.91,68.56,
1751,Sub-Saharan Africa (WB),WB_SSA,2013,78.7,69.73,
1752,Sub-Saharan Africa (WB),WB_SSA,2014,78.78,70.4,
1753,Sub-Saharan Africa (WB),WB_SSA,2015,79.12,71.29,
1754,Sub-Saharan Africa (WB),WB_SSA,2016,79.34,72.2,
1755,Sub-Saharan Africa (WB),WB_SSA,2017,79.61,73.04,
1756,Sub-Saharan Africa (WB),WB_SSA,2018,80.69,74.66,
1757,Sub-Saharan Africa (WB),WB_SSA,2019,80.76,75.03,
1758,Sub-Saharan Africa (WB),WB_SSA,2020,80.82,75.23,
1759,Sub-Saharan Africa (WB),WB_SSA,2021,80.9,75.59,
1760,Sub-Saharan Africa (WB),WB_SSA,2022,81.02,75.95,
1761,Sub-Saharan Africa (WB),WB_SSA,2023,81.16,76.27,
1762,Sub-Saharan Africa (WB),WB_SSA,2024,81.34,76.58,
1763,Sudan,SDN,2000,85.69,72.33,Africa
1764,Sudan,SDN,2008,68.67,62.72,Africa
1765,Sudan,SDN,2010,,64.81,Africa
1766,Sudan,SDN,2014,,100.0,Africa
1767,Suriname,SUR,2004,95.62,94.14,South America
1768,Suriname,SUR,2006,,94.92,South America
1769,Suriname,SUR,2008,99.38,99.46,South America
1770,Suriname,SUR,2010,97.97,98.8,South America
1771,Suriname,SUR,2012,98.09,97.26,South America
1772,Suriname,SUR,2018,97.44,97.96,South America
1773,Syria,SYR,1981,88.83,59.02,Asia
1774,Syria,SYR,2002,97.14,92.96,Asia
1775,Syria,SYR,2004,94.61,90.22,Asia
1776,Syria,SYR,2006,,89.05,Asia
1777,Syria,SYR,2021,98.35,98.44,Asia
1778,Tajikistan,TJK,1989,99.74,99.67,Asia
1779,Tajikistan,TJK,2000,99.84,99.85,Asia
1780,Tajikistan,TJK,2003,99.49513,98.74291,Asia
1781,Tajikistan,TJK,2007,99.45501,98.35114,Asia
1782,Tajikistan,TJK,2009,100.0,100.0,Asia
1783,Tajikistan,TJK,2012,,100.0,Asia
1784,Tajikistan,TJK,2017,100.0,96.42,Asia
1785,Tajikistan,TJK,2023,,98.31,Asia
1786,Tanzania,TZA,1988,86.2,77.87,Africa
1787,Tanzania,TZA,2002,80.92,76.2,Africa
1788,Tanzania,TZA,2012,87.17,84.85,Africa
1789,Tanzania,TZA,2014,89.85196,87.81916,Africa
1790,Tanzania,TZA,2015,87.01,84.64,Africa
1791,Tanzania,TZA,2020,86.98013,88.07789,Africa
1792,Tanzania,TZA,2022,88.81,85.13,Africa
1793,Thailand,THA,1980,97.57,96.17,Asia
1794,Thailand,THA,2000,98.1,97.85,Asia
1795,Thailand,THA,2005,98.22,97.88,Asia
1796,Thailand,THA,2010,96.64,96.55,Asia
1797,Thailand,THA,2013,97.98,98.65,Asia
1798,Thailand,THA,2015,98.0,98.29,Asia
1799,Thailand,THA,2016,97.36,97.64,Asia
1800,Thailand,THA,2018,97.69,98.59,Asia
1801,Thailand,THA,2019,98.47,98.58,Asia
1802,Thailand,THA,2022,97.94,98.43,Asia
1803,Togo,TGO,2000,83.79,63.55,Africa
1804,Togo,TGO,2006,84.86,67.92,Africa
1805,Togo,TGO,2009,87.63,74.56,Africa
1806,Togo,TGO,2010,86.4,69.16,Africa
1807,Togo,TGO,2011,86.92,72.71,Africa
1808,Togo,TGO,2014,88.61,67.68,Africa
1809,Togo,TGO,2015,89.67,78.37,Africa
1810,Togo,TGO,2017,89.44,74.74,Africa
1811,Togo,TGO,2019,92.08,84.01,Africa
1812,Togo,TGO,2022,93.33,87.65,Africa
1813,Tokelau,TKL,2022,,100.0,Oceania
1814,Tonga,TON,1976,99.84,99.8,Oceania
1815,Tonga,TON,1996,99.27,99.35,Oceania
1816,Tonga,TON,2006,99.3,99.56,Oceania
1817,Tonga,TON,2011,99.37,99.51,Oceania
1818,Tonga,TON,2016,98.16,98.48,Oceania
1819,Tonga,TON,2018,100.0,100.0,Oceania
1820,Tonga,TON,2019,99.92,99.87,Oceania
1821,Tonga,TON,2023,99.64,99.79,Oceania
1822,Trinidad and Tobago,TTO,1980,99.2,99.24,North America
1823,Trinidad and Tobago,TTO,1990,99.3,99.3,North America
1824,Trinidad and Tobago,TTO,2006,,99.18,North America
1825,Trinidad and Tobago,TTO,2022,89.05,99.73,North America
1826,Tunisia,TUN,1984,85.74,62.52,Africa
1827,Tunisia,TUN,2004,96.4,92.24,Africa
1828,Tunisia,TUN,2007,97.84,94.72,Africa
1829,Tunisia,TUN,2008,98.13,95.49,Africa
1830,Tunisia,TUN,2010,98.21,96.09,Africa
1831,Tunisia,TUN,2011,98.24,96.32,Africa
1832,Tunisia,TUN,2012,97.97,95.72,Africa
1833,Tunisia,TUN,2014,96.61,95.8,Africa
1834,Tunisia,TUN,2018,98.38,97.54,Africa
1835,Tunisia,TUN,2019,97.15,96.5,Africa
1836,Tunisia,TUN,2021,98.84,99.05,Africa
1837,Tunisia,TUN,2023,98.19,98.13,Africa
1838,Turkey,TUR,1975,90.75,68.25,Asia
1839,Turkey,TUR,1980,93.62,75.24,Asia
1840,Turkey,TUR,1985,95.68,85.96,Asia
1841,Turkey,TUR,1990,96.57,88.39,Asia
1842,Turkey,TUR,2004,98.02,93.3,Asia
1843,Turkey,TUR,2005,98.36,93.96,Asia
1844,Turkey,TUR,2006,98.37,94.12,Asia
1845,Turkey,TUR,2007,98.58,94.29,Asia
1846,Turkey,TUR,2009,99.02,96.57,Asia
1847,Turkey,TUR,2010,99.21,97.2,Asia
1848,Turkey,TUR,2011,99.45,97.94,Asia
1849,Turkey,TUR,2012,99.59,98.41,Asia
1850,Turkey,TUR,2013,99.69,98.74,Asia
1851,Turkey,TUR,2014,99.75,98.95,Asia
1852,Turkey,TUR,2015,99.81,99.17,Asia
1853,Turkey,TUR,2016,99.86,99.37,Asia
1854,Turkey,TUR,2017,99.91,99.59,Asia
1855,Turkey,TUR,2018,100.0,98.8,Asia
1856,Turkey,TUR,2019,99.96,99.85,Asia
1857,Turkey,TUR,2021,99.98,99.94,Asia
1858,Turkey,TUR,2022,92.57,91.87,Asia
1859,Turkmenistan,TKM,1995,99.81,99.81,Asia
1860,Turkmenistan,TKM,2015,,99.83,Asia
1861,Turkmenistan,TKM,2019,,99.98,Asia
1862,Turkmenistan,TKM,2022,99.9,99.9,Asia
1863,Turks and Caicos Islands,TCA,2020,99.88,100.0,North America
1864,Tuvalu,TUV,2019,99.1,98.51,Oceania
1865,Tuvalu,TUV,2022,100.0,100.0,Oceania
1866,Uganda,UGA,1991,77.22,63.12,Africa
1867,Uganda,UGA,2002,85.96,76.18,Africa
1868,Uganda,UGA,2006,87.27,81.13,Africa
1869,Uganda,UGA,2010,89.64,85.47,Africa
1870,Uganda,UGA,2012,85.76,81.65,Africa
1871,Uganda,UGA,2014,81.57,79.17,Africa
1872,Uganda,UGA,2016,81.42,78.19,Africa
1873,Uganda,UGA,2021,90.11857,89.19264,Africa
1874,Uganda,UGA,2023,89.38,90.49,Africa
1875,Uganda,UGA,2024,84.27,85.94,Africa
1876,Ukraine,UKR,2001,99.78,99.83,Europe
1877,Ukraine,UKR,2005,,100.0,Europe
1878,United Arab Emirates,ARE,1975,65.51,56.28,Asia
1879,United Arab Emirates,ARE,1985,81.01,84.51,Asia
1880,United Arab Emirates,ARE,2005,93.63,97.0,Asia
1881,United Arab Emirates,ARE,2019,97.75,99.22,Asia
1882,United Arab Emirates,ARE,2021,99.72,99.59,Asia
1883,United Arab Emirates,ARE,2022,99.74,99.56,Asia
1884,United Arab Emirates,ARE,2023,99.57,99.51,Asia
1885,United Arab Emirates,ARE,2024,99.64,99.55,Asia
1886,Upper-middle-income countries,OWID_UMC,1974,90.81,76.01,
1887,Upper-middle-income countries,OWID_UMC,1975,90.8,76.11,
1888,Upper-middle-income countries,OWID_UMC,1976,90.88,76.47,
1889,Upper-middle-income countries,OWID_UMC,1977,90.95,76.86,
1890,Upper-middle-income countries,OWID_UMC,1978,91.43,78.42,
1891,Upper-middle-income countries,OWID_UMC,1979,91.99,79.97,
1892,Upper-middle-income countries,OWID_UMC,1980,92.35,81.51,
1893,Upper-middle-income countries,OWID_UMC,1981,92.68,82.9,
1894,Upper-middle-income countries,OWID_UMC,1982,92.9,84.03,
1895,Upper-middle-income countries,OWID_UMC,1983,93.18,85.19,
1896,Upper-middle-income countries,OWID_UMC,1984,93.52,86.33,
1897,Upper-middle-income countries,OWID_UMC,1985,93.76,87.12,
1898,Upper-middle-income countries,OWID_UMC,1986,94.0,87.86,
1899,Upper-middle-income countries,OWID_UMC,1987,94.65,88.95,
1900,Upper-middle-income countries,OWID_UMC,1988,95.06,90.74,
1901,Upper-middle-income countries,OWID_UMC,1989,95.14,91.15,
1902,Upper-middle-income countries,OWID_UMC,1990,95.3,91.7,
1903,Upper-middle-income countries,OWID_UMC,1991,95.56,92.19,
1904,Upper-middle-income countries,OWID_UMC,1992,95.77,92.61,
1905,Upper-middle-income countries,OWID_UMC,1993,95.99,93.01,
1906,Upper-middle-income countries,OWID_UMC,1994,96.2,93.43,
1907,Upper-middle-income countries,OWID_UMC,1995,96.43,93.9,
1908,Upper-middle-income countries,OWID_UMC,1996,96.54,94.27,
1909,Upper-middle-income countries,OWID_UMC,1997,97.59,96.67,
1910,Upper-middle-income countries,OWID_UMC,1998,97.64,96.79,
1911,Upper-middle-income countries,OWID_UMC,1999,97.7,96.96,
1912,Upper-middle-income countries,OWID_UMC,2000,97.79,97.05,
1913,Upper-middle-income countries,OWID_UMC,2001,97.86,97.19,
1914,Upper-middle-income countries,OWID_UMC,2002,98.0,97.38,
1915,Upper-middle-income countries,OWID_UMC,2003,98.24,97.67,
1916,Upper-middle-income countries,OWID_UMC,2004,98.32,97.84,
1917,Upper-middle-income countries,OWID_UMC,2005,98.39,97.97,
1918,Upper-middle-income countries,OWID_UMC,2006,98.25,97.81,
1919,Upper-middle-income countries,OWID_UMC,2007,98.43,98.1,
1920,Upper-middle-income countries,OWID_UMC,2008,98.79,98.55,
1921,Upper-middle-income countries,OWID_UMC,2009,98.82,98.63,
1922,Upper-middle-income countries,OWID_UMC,2010,98.7,98.61,
1923,Upper-middle-income countries,OWID_UMC,2011,98.8,98.66,
1924,Upper-middle-income countries,OWID_UMC,2012,98.92,98.76,
1925,Upper-middle-income countries,OWID_UMC,2013,98.94,98.83,
1926,Upper-middle-income countries,OWID_UMC,2014,99.13,99.03,
1927,Upper-middle-income countries,OWID_UMC,2015,99.14,99.06,
1928,Upper-middle-income countries,OWID_UMC,2016,99.18,99.13,
1929,Upper-middle-income countries,OWID_UMC,2017,99.08,99.1,
1930,Upper-middle-income countries,OWID_UMC,2018,99.09,99.12,
1931,Upper-middle-income countries,OWID_UMC,2019,99.22,99.25,
1932,Upper-middle-income countries,OWID_UMC,2020,99.23,99.26,
1933,Upper-middle-income countries,OWID_UMC,2021,99.2,99.25,
1934,Upper-middle-income countries,OWID_UMC,2022,99.2,99.27,
1935,Upper-middle-income countries,OWID_UMC,2023,99.21,99.29,
1936,Upper-middle-income countries,OWID_UMC,2024,99.26,99.33,
1937,Uruguay,URY,1975,97.74,98.84,South America
1938,Uruguay,URY,1985,98.26,99.0,South America
1939,Uruguay,URY,1996,98.15,99.02,South America
1940,Uruguay,URY,2006,98.31,99.11,South America
1941,Uruguay,URY,2007,98.49,99.02,South America
1942,Uruguay,URY,2008,98.63,99.32,South America
1943,Uruguay,URY,2009,98.5,99.22,South America
1944,Uruguay,URY,2010,98.36,99.23,South America
1945,Uruguay,URY,2011,98.61,99.12,South America
1946,Uruguay,URY,2012,98.63,99.3,South America
1947,Uruguay,URY,2013,98.56,99.31,South America
1948,Uruguay,URY,2014,98.31,99.39,South America
1949,Uruguay,URY,2015,98.64,99.23,South America
1950,Uruguay,URY,2016,98.87,99.44,South America
1951,Uruguay,URY,2017,98.56,99.32,South America
1952,Uruguay,URY,2018,98.6,99.17,South America
1953,Uruguay,URY,2019,98.74,99.32,South America
1954,Uruguay,URY,2020,98.78699,99.36902,South America
1955,Uruguay,URY,2021,99.1,99.2,South America
1956,Uruguay,URY,2022,98.9,99.38,South America
1957,Uruguay,URY,2023,98.7,99.4,South America
1958,Uruguay,URY,2024,98.85,99.2,South America
1959,Uzbekistan,UZB,2000,99.85,99.89,Asia
1960,Uzbekistan,UZB,2006,,100.0,Asia
1961,Uzbekistan,UZB,2013,100.0,100.0,Asia
1962,Uzbekistan,UZB,2014,100.0,100.0,Asia
1963,Uzbekistan,UZB,2015,100.0,100.0,Asia
1964,Uzbekistan,UZB,2016,100.0,100.0,Asia
1965,Uzbekistan,UZB,2018,100.0,100.0,Asia
1966,Uzbekistan,UZB,2019,100.0,100.0,Asia
1967,Uzbekistan,UZB,2021,100.0,100.0,Asia
1968,Uzbekistan,UZB,2022,100.0,100.0,Asia
1969,Vanuatu,VUT,1979,75.74,67.64,Oceania
1970,Vanuatu,VUT,2019,96.02108,96.81652,Oceania
1971,Vanuatu,VUT,2020,88.4881,88.833786,Oceania
1972,Vanuatu,VUT,2023,93.36,94.51,Oceania
1973,Venezuela,VEN,1981,92.33,93.89,South America
1974,Venezuela,VEN,1990,94.52,96.36,South America
1975,Venezuela,VEN,2000,96.9,98.2,South America
1976,Venezuela,VEN,2001,96.33,98.07,South America
1977,Venezuela,VEN,2002,97.2,98.4,South America
1978,Venezuela,VEN,2003,97.2,98.5,South America
1979,Venezuela,VEN,2004,97.7,98.6,South America
1980,Venezuela,VEN,2005,97.6,98.5,South America
1981,Venezuela,VEN,2006,97.8,98.8,South America
1982,Venezuela,VEN,2007,97.97,98.84,South America
1983,Venezuela,VEN,2008,98.1,98.9,South America
1984,Venezuela,VEN,2009,98.27,98.8,South America
1985,Venezuela,VEN,2010,98.1,98.8,South America
1986,Venezuela,VEN,2011,96.89,98.24,South America
1987,Venezuela,VEN,2012,98.6,99.1,South America
1988,Venezuela,VEN,2013,98.5,98.9,South America
1989,Venezuela,VEN,2014,98.6,99.2,South America
1990,Venezuela,VEN,2015,98.71,99.32,South America
1991,Venezuela,VEN,2016,98.44,99.09,South America
1992,Venezuela,VEN,2017,98.36817,99.23415,South America
1993,Vietnam,VNM,1979,96.11,94.02,Asia
1994,Vietnam,VNM,1989,94.08,93.4,Asia
1995,Vietnam,VNM,1999,94.76,94.3,Asia
1996,Vietnam,VNM,2000,95.59,94.06,Asia
1997,Vietnam,VNM,2006,,100.0,Asia
1998,Vietnam,VNM,2009,97.4,96.78,Asia
1999,Vietnam,VNM,2014,,98.81,Asia
2000,Vietnam,VNM,2019,98.71,98.54,Asia
2001,Vietnam,VNM,2020,97.48,98.97,Asia
2002,Vietnam,VNM,2022,98.96,99.14,Asia
2003,Wallis and Futuna,WLF,2018,100.0,100.0,Oceania
2004,Wallis and Futuna,WLF,2019,100.0,100.0,Oceania
2005,Wallis and Futuna,WLF,2020,98.42,99.06,Oceania
2006,Wallis and Futuna,WLF,2023,100.0,100.0,Oceania
2007,World,OWID_WRL,1975,82.65,67.14,
2008,World,OWID_WRL,1976,82.64,67.25,
2009,World,OWID_WRL,1977,82.74,67.67,
2010,World,OWID_WRL,1978,83.04,68.63,
2011,World,OWID_WRL,1979,83.41,69.66,
2012,World,OWID_WRL,1980,83.62,70.61,
2013,World,OWID_WRL,1981,83.82,71.5,
2014,World,OWID_WRL,1982,84.02,72.36,
2015,World,OWID_WRL,1983,84.18,73.12,
2016,World,OWID_WRL,1984,84.44,74.03,
2017,World,OWID_WRL,1985,84.7,74.83,
2018,World,OWID_WRL,1986,84.95,75.57,
2019,World,OWID_WRL,1987,85.49,76.54,
2020,World,OWID_WRL,1988,86.42,76.88,
2021,World,OWID_WRL,1989,86.64,77.44,
2022,World,OWID_WRL,1990,86.86,78.08,
2023,World,OWID_WRL,1991,87.07,78.6,
2024,World,OWID_WRL,1992,87.38,79.04,
2025,World,OWID_WRL,1993,87.71,79.41,
2026,World,OWID_WRL,1994,87.88,79.9,
2027,World,OWID_WRL,1995,88.04,80.4,
2028,World,OWID_WRL,1996,88.18,80.88,
2029,World,OWID_WRL,1997,88.69,82.17,
2030,World,OWID_WRL,1998,89.7,82.84,
2031,World,OWID_WRL,1999,89.87,83.35,
2032,World,OWID_WRL,2000,89.87,83.42,
2033,World,OWID_WRL,2001,89.97,83.9,
2034,World,OWID_WRL,2002,90.41,84.41,
2035,World,OWID_WRL,2003,90.85,84.9,
2036,World,OWID_WRL,2004,91.02,85.43,
2037,World,OWID_WRL,2005,91.4,85.47,
2038,World,OWID_WRL,2006,90.92,85.51,
2039,World,OWID_WRL,2007,91.09,86.03,
2040,World,OWID_WRL,2008,91.41,86.56,
2041,World,OWID_WRL,2009,91.52,86.93,
2042,World,OWID_WRL,2010,91.9,87.33,
2043,World,OWID_WRL,2011,92.09,87.93,
2044,World,OWID_WRL,2012,92.34,88.34,
2045,World,OWID_WRL,2013,92.69,88.95,
2046,World,OWID_WRL,2014,92.79,89.34,
2047,World,OWID_WRL,2015,92.94,89.76,
2048,World,OWID_WRL,2016,93.01,90.08,
2049,World,OWID_WRL,2017,93.1,90.3,
2050,World,OWID_WRL,2018,93.15,90.41,
2051,World,OWID_WRL,2019,93.9,91.11,
2052,World,OWID_WRL,2020,93.94,91.27,
2053,World,OWID_WRL,2021,93.99,91.46,
2054,World,OWID_WRL,2022,94.0,91.63,
2055,World,OWID_WRL,2023,94.06,91.83,
2056,World,OWID_WRL,2024,94.13,92.02,
2057,Yemen,YEM,1994,82.8,35.38,Asia
2058,Yemen,YEM,2006,,65.66,Asia
2059,Yemen,YEM,2013,,64.08,Asia
2060,Yemen,YEM,2023,61.76,76.92,Asia
2061,Zambia,ZMB,1990,67.27,65.52,Africa
2062,Zambia,ZMB,1999,72.62,66.23,Africa
2063,Zambia,ZMB,2002,77.73,66.31,Africa
2064,Zambia,ZMB,2010,91.2,86.51,Africa
2065,Zambia,ZMB,2018,82.45,72.91,Africa
2066,Zambia,ZMB,2019,86.264465,,Africa
2067,Zambia,ZMB,2020,88.25815,83.83095,Africa
2068,Zambia,ZMB,2021,85.34498,82.951485,Africa
2069,Zambia,ZMB,2022,86.79978,82.18072,Africa
2070,Zambia,ZMB,2023,86.29098,,Africa
2071,Zambia,ZMB,2024,79.31,75.96,Africa
2072,Zimbabwe,ZWE,1982,93.83,84.81,Africa
2073,Zimbabwe,ZWE,1992,96.54,94.35,Africa
2074,Zimbabwe,ZWE,2009,,95.65,Africa
2075,Zimbabwe,ZWE,2014,,96.31,Africa
2076,Zimbabwe,ZWE,2019,90.77,94.22,Africa
