,entity,code,year,gdp_percapita,owid_region_x,average_years_of_education,population_historical,owid_region_y
0,Afghanistan,AFG,2000,1617.8264,Asia,3.03,20130334.0,Asia
1,Afghanistan,AFG,2005,1908.1147,Asia,3.32,24404575.0,Asia
2,Afghanistan,AFG,2010,2848.5862,Asia,3.93,28284088.0,Asia
4,Afghanistan,AFG,2015,2967.6921,Asia,4.81,33831767.0,Asia
5,Afghanistan,AFG,2020,2769.6858,Asia,5.69,39068977.0,Asia
7,Albania,ALB,1990,5560.834,Europe,8.61,3277965.0,Europe
8,Albania,ALB,1995,5151.376,Europe,8.54,3258573.0,Europe
9,Albania,ALB,2000,6581.9893,Europe,9.93,3166147.0,Europe
11,Albania,ALB,2005,8964.281,Europe,10.24,3076156.0,Europe
13,Albania,ALB,2010,11829.004,Europe,10.44,2928731.0,Europe
16,Albania,ALB,2015,13876.762,Europe,9.99,2898634.0,Europe
18,Albania,ALB,2020,16457.719,Europe,10.32,2871950.0,Europe
20,Algeria,DZA,1990,11728.546,Africa,5.05,25375815.0,Africa
21,Algeria,DZA,1995,10588.443,Africa,5.76,28470194.0,Africa
22,Algeria,DZA,2000,11558.221,Africa,6.06,30903894.0,Africa
24,Algeria,DZA,2005,13738.496,Africa,6.43,33109258.0,Africa
27,Algeria,DZA,2010,14496.421,Africa,7.0,36188237.0,Africa
28,Algeria,DZA,2015,15239.518,Africa,7.55,40019528.0,Africa
29,Algeria,DZA,2020,14194.155,Africa,8.18,44042094.0,Africa
35,Argentina,ARG,1990,17007.285,South America,8.67,32755907.0,South America
37,Argentina,ARG,1995,20819.5,South America,8.91,35070016.0,South America
38,Argentina,ARG,2000,22281.38,South America,9.08,37213986.0,South America
40,Argentina,ARG,2005,23262.408,South America,9.57,39216786.0,South America
41,Argentina,ARG,2010,28056.258,South America,9.71,41288694.0,South America
42,Argentina,ARG,2015,28669.207,South America,9.59,43477011.0,South America
43,Argentina,ARG,2020,23877.094,South America,9.86,45191960.0,South America
46,Armenia,ARM,2015,13112.76,Asia,10.45,2921179.0,Asia
51,Armenia,ARM,2020,15052.936,Asia,10.54,2890893.0,Asia
56,Australia,AUS,1990,36267.742,Oceania,11.44,17126304.0,Oceania
57,Australia,AUS,1995,38653.336,Oceania,11.51,18095340.0,Oceania
58,Australia,AUS,2000,45099.074,Oceania,11.37,19132472.0,Oceania
59,Australia,AUS,2005,49997.066,Oceania,11.71,20294490.0,Oceania
60,Australia,AUS,2010,52739.27,Oceania,11.69,22141583.0,Oceania
61,Australia,AUS,2015,55879.996,Oceania,12.92,23947997.0,Oceania
62,Australia,AUS,2020,57260.465,Oceania,12.93,25743787.0,Oceania
63,Austria,AUT,1990,43258.113,Europe,8.26,7679627.0,Europe
64,Austria,AUT,1995,46639.465,Europe,8.93,7950322.0,Europe
65,Austria,AUT,2000,53534.266,Europe,9.43,8012929.0,Europe
66,Austria,AUT,2005,56890.2,Europe,9.89,8229204.0,Europe
67,Austria,AUT,2010,59730.47,Europe,10.13,8365087.0,Europe
68,Austria,AUT,2015,60951.605,Europe,10.27,8644037.0,Europe
69,Austria,AUT,2020,60276.332,Europe,10.39,8921402.0,Europe
85,Bahrain,BHR,2015,54149.914,Asia,7.82,1369656.0,Asia
86,Bahrain,BHR,2020,53814.246,Asia,8.21,1483081.0,Asia
89,Bangladesh,BGD,1990,2069.7822,Asia,3.15,111633722.0,Asia
91,Bangladesh,BGD,1995,2351.7039,Asia,3.72,122600372.0,Asia
92,Bangladesh,BGD,2000,2712.935,Asia,4.77,134544303.0,Asia
94,Bangladesh,BGD,2005,3231.6138,Asia,5.51,144715789.0,Asia
95,Bangladesh,BGD,2010,4125.464,Asia,6.22,152201978.0,Asia
100,Bangladesh,BGD,2015,5352.7114,Asia,6.76,159383179.0,Asia
105,Bangladesh,BGD,2020,7015.1978,Asia,7.23,166298024.0,Asia
108,Barbados,BRB,1990,19195.887,North America,8.79,258583.0,North America
109,Barbados,BRB,1995,18007.234,North America,9.07,262046.0,North America
110,Barbados,BRB,2000,21315.768,North America,9.23,262071.0,North America
111,Barbados,BRB,2005,22035.387,North America,9.41,268717.0,North America
112,Barbados,BRB,2010,20464.795,North America,9.57,275251.0,North America
113,Barbados,BRB,2015,19642.232,North America,9.46,278999.0,North America
114,Barbados,BRB,2020,16399.701,North America,9.67,281706.0,North America
118,Belgium,BEL,1990,41640.06,Europe,10.0,9960968.0,Europe
119,Belgium,BEL,1995,44310.63,Europe,10.64,10137264.0,Europe
120,Belgium,BEL,2000,50455.734,Europe,10.95,10251719.0,Europe
121,Belgium,BEL,2005,54346.895,Europe,11.11,10478883.0,Europe
122,Belgium,BEL,2010,56240.203,Europe,11.29,10936619.0,Europe
123,Belgium,BEL,2015,57509.023,Europe,11.36,11275332.0,Europe
124,Belgium,BEL,2020,57333.543,Europe,11.57,11540102.0,Europe
125,Belize,BLZ,1990,8251.617,North America,8.97,183090.0,North America
127,Belize,BLZ,1995,9967.847,North America,9.62,204165.0,North America
128,Belize,BLZ,2000,11363.687,North America,10.19,240809.0,North America
129,Belize,BLZ,2005,12714.97,North America,10.77,279747.0,North America
130,Belize,BLZ,2010,11913.664,North America,11.28,320256.0,North America
131,Belize,BLZ,2015,12348.795,North America,10.56,356341.0,North America
132,Belize,BLZ,2020,10045.141,North America,10.71,390819.0,North America
134,Benin,BEN,1990,2207.0679,Africa,2.24,5281482.0,Africa
136,Benin,BEN,1995,2300.141,Africa,2.73,6226775.0,Africa
137,Benin,BEN,2000,2536.169,Africa,3.31,7221618.0,Africa
139,Benin,BEN,2005,2632.4724,Africa,3.85,8426145.0,Africa
140,Benin,BEN,2010,2733.574,Africa,4.57,9797488.0,Africa
143,Benin,BEN,2015,2952.0022,Africa,5.42,11360681.0,Africa
146,Benin,BEN,2020,3317.8596,Africa,6.27,13070169.0,Africa
153,Bolivia,BOL,1990,6247.1045,South America,7.63,7130143.0,South America
155,Bolivia,BOL,1995,6914.342,South America,8.09,7874676.0,South America
156,Bolivia,BOL,2000,7492.4336,South America,8.73,8606330.0,South America
158,Bolivia,BOL,2005,8020.6357,South America,8.77,9360758.0,South America
162,Bolivia,BOL,2010,9230.398,South America,8.57,10182345.0,South America
165,Bolivia,BOL,2015,11144.642,South America,8.62,11014707.0,South America
166,Bolivia,BOL,2020,10285.659,South America,9.06,11816301.0,South America
173,Botswana,BWA,2015,15994.964,Africa,10.27,2203276.0,Africa
174,Botswana,BWA,2020,16289.392,Africa,10.58,2365895.0,Africa
175,Brazil,BRA,1990,12633.288,South America,4.94,149143223.0,South America
176,Brazil,BRA,1995,13550.439,South America,5.79,161735079.0,South America
177,Brazil,BRA,2000,14005.348,South America,6.76,174018278.0,South America
179,Brazil,BRA,2005,15221.014,South America,7.67,184688101.0,South America
184,Brazil,BRA,2010,18062.158,South America,8.17,193701931.0,South America
189,Brazil,BRA,2015,18357.068,South America,7.66,201675534.0,South America
194,Brazil,BRA,2020,17327.516,South America,8.0,208660845.0,South America
201,Brunei,BRN,2015,81910.19,Asia,9.08,422223.0,Asia
202,Brunei,BRN,2020,80280.9,Asia,9.28,447411.0,Asia
203,Bulgaria,BGR,1990,14954.135,Europe,8.68,8822366.0,Europe
204,Bulgaria,BGR,1995,13591.343,Europe,9.31,8357576.0,Europe
205,Bulgaria,BGR,2000,12563.836,Europe,9.65,8000519.0,Europe
207,Bulgaria,BGR,2005,17678.033,Europe,10.61,7695047.0,Europe
208,Bulgaria,BGR,2010,21724.287,Europe,11.07,7437594.0,Europe
210,Bulgaria,BGR,2015,24562.648,Europe,10.71,7177515.0,Europe
211,Bulgaria,BGR,2020,28521.207,Europe,10.75,6933656.0,Europe
228,Burundi,BDI,2015,992.2858,Africa,4.3,11047581.0,Africa
231,Burundi,BDI,2020,1027.6289,Africa,5.05,12617041.0,Africa
232,Cambodia,KHM,1990,2646.098,Asia,3.2,7374754.0,Asia
233,Cambodia,KHM,1995,1672.7393,Asia,3.41,10018500.0,Asia
235,Cambodia,KHM,2000,1922.0317,Asia,3.64,12462343.0,Asia
237,Cambodia,KHM,2005,2781.8904,Asia,4.26,13439203.0,Asia
240,Cambodia,KHM,2010,3711.5376,Asia,4.94,14500730.0,Asia
243,Cambodia,KHM,2015,4968.5728,Asia,5.32,15623253.0,Asia
245,Cambodia,KHM,2020,6128.782,Asia,5.81,16725484.0,Asia
247,Cameroon,CMR,1990,4517.6187,Africa,4.65,11331827.0,Africa
248,Cameroon,CMR,1995,3526.5437,Africa,5.3,13058517.0,Africa
249,Cameroon,CMR,2000,3822.9443,Africa,5.76,14912632.0,Africa
250,Cameroon,CMR,2005,4199.7227,Africa,6.06,17074599.0,Africa
252,Cameroon,CMR,2010,4286.583,Africa,6.41,19668063.0,Africa
253,Cameroon,CMR,2015,4698.667,Africa,7.05,22763418.0,Africa
255,Cameroon,CMR,2020,4763.482,Africa,7.37,26210566.0,Africa
256,Canada,CAN,1990,40475.098,North America,10.71,27789437.0,North America
257,Canada,CAN,1995,41617.707,North America,11.11,29459138.0,North America
258,Canada,CAN,2000,48399.285,North America,11.39,30891800.0,North America
259,Canada,CAN,2005,52356.54,North America,12.49,32440172.0,North America
260,Canada,CAN,2010,52558.42,North America,12.74,34196900.0,North America
261,Canada,CAN,2015,55660.844,North America,12.83,35962236.0,North America
262,Canada,CAN,2020,54092.86,North America,12.93,38171903.0,North America
270,Central African Republic,CAF,2015,1043.9218,Africa,4.21,4629322.0,Africa
272,Central African Republic,CAF,2020,1136.5706,Africa,4.64,5026629.0,Africa
278,Chile,CHL,1990,10955.249,South America,8.58,13437181.0,South America
280,Chile,CHL,1995,14911.564,South America,8.92,14527382.0,South America
281,Chile,CHL,2000,17529.42,South America,9.41,15503638.0,South America
283,Chile,CHL,2005,20923.48,South America,9.96,16348780.0,South America
284,Chile,CHL,2010,24122.479,South America,10.35,17181463.0,South America
287,Chile,CHL,2015,27817.959,South America,10.49,18047630.0,South America
289,Chile,CHL,2020,26258.404,South America,10.74,19370621.0,South America
290,China,CHN,1990,1666.8141,Asia,6.45,1153582725.0,Asia
291,China,CHN,1995,2807.8865,Asia,7.17,1220133929.0,Asia
292,China,CHN,2000,4065.8672,Asia,7.79,1269581174.0,Asia
293,China,CHN,2005,6298.2993,Asia,8.02,1310027135.0,Asia
294,China,CHN,2010,10476.152,Asia,8.25,1351561505.0,Asia
295,China,CHN,2015,14857.108,Asia,8.51,1396134171.0,Asia
296,China,CHN,2020,19215.102,Asia,8.99,1426106093.0,Asia
297,Colombia,COL,1990,9998.811,South America,6.16,32440064.0,South America
299,Colombia,COL,1995,11279.0,South America,6.68,35804670.0,South America
301,Colombia,COL,2000,10813.494,South America,7.12,39089939.0,South America
303,Colombia,COL,2005,11999.255,South America,7.56,42128978.0,South America
308,Colombia,COL,2010,14037.064,South America,9.35,44777325.0,South America
311,Colombia,COL,2015,16821.38,South America,9.78,46969938.0,South America
316,Colombia,COL,2020,15861.5,South America,10.2,50629997.0,South America
324,Congo,COG,2015,8977.707,Africa,6.47,5097583.0,Africa
325,Congo,COG,2020,6350.5093,Africa,6.74,5752792.0,Africa
326,Costa Rica,CRI,1990,10979.788,North America,7.28,3121707.0,North America
327,Costa Rica,CRI,1995,12623.534,North America,7.61,3535179.0,North America
328,Costa Rica,CRI,2000,14025.69,North America,7.96,3937737.0,North America
329,Costa Rica,CRI,2005,15711.745,North America,8.52,4261240.0,North America
330,Costa Rica,CRI,2010,18670.168,North America,8.43,4555965.0,North America
332,Costa Rica,CRI,2015,21265.318,North America,8.77,4818045.0,North America
333,Costa Rica,CRI,2020,22368.139,North America,9.12,5034323.0,North America
334,Cote d'Ivoire,CIV,1990,5255.5483,Africa,2.79,12189780.0,Africa
335,Cote d'Ivoire,CIV,1995,4638.7915,Africa,3.46,14855566.0,Africa
337,Cote d'Ivoire,CIV,2000,4838.376,Africa,4.06,17699007.0,Africa
338,Cote d'Ivoire,CIV,2005,4032.2756,Africa,4.52,20068468.0,Africa
339,Cote d'Ivoire,CIV,2010,4338.6846,Africa,4.93,22488068.0,Africa
341,Cote d'Ivoire,CIV,2015,5110.9004,Africa,5.4,25246347.0,Africa
343,Cote d'Ivoire,CIV,2020,5787.858,Africa,6.05,28915452.0,Africa
347,Croatia,HRV,2015,29466.451,Europe,11.8,4183732.0,Europe
348,Croatia,HRV,2020,32493.402,Europe,12.03,3953956.0,Europe
349,Cyprus,CYP,1990,27666.535,Europe,9.85,788355.0,Europe
351,Cyprus,CYP,1995,31393.246,Europe,10.28,862698.0,Europe
352,Cyprus,CYP,2000,36121.664,Europe,10.82,947667.0,Europe
354,Cyprus,CYP,2005,41362.094,Europe,10.19,1036156.0,Europe
355,Cyprus,CYP,2010,42102.28,Europe,11.76,1127826.0,Europe
357,Cyprus,CYP,2015,37258.5,Europe,12.1,1219504.0,Europe
358,Cyprus,CYP,2020,43402.36,Europe,12.42,1302250.0,Europe
359,Czechia,CZE,1990,27918.137,Europe,11.35,10301989.0,Europe
360,Czechia,CZE,1995,26869.02,Europe,12.3,10312041.0,Europe
361,Czechia,CZE,2000,29427.406,Europe,12.78,10236809.0,Europe
362,Czechia,CZE,2005,35535.746,Europe,12.81,10280155.0,Europe
363,Czechia,CZE,2010,39097.387,Europe,12.8,10464035.0,Europe
364,Czechia,CZE,2015,42066.574,Europe,12.93,10524418.0,Europe
365,Czechia,CZE,2020,45119.938,Europe,12.93,10550129.0,Europe
366,Democratic Republic of Congo,COD,1990,2403.9702,Africa,3.31,36684065.0,Africa
367,Democratic Republic of Congo,COD,1995,1362.1877,Africa,3.52,44433718.0,Africa
368,Democratic Republic of Congo,COD,2000,981.42206,Africa,3.51,50507445.0,Africa
370,Democratic Republic of Congo,COD,2005,1016.6339,Africa,3.63,58775726.0,Africa
371,Democratic Republic of Congo,COD,2010,1166.983,Africa,3.79,68563038.0,Africa
373,Democratic Republic of Congo,COD,2015,1433.2158,Africa,4.3,81035532.0,Africa
376,Democratic Republic of Congo,COD,2020,1361.028,Africa,4.85,95990000.0,Africa
378,Denmark,DNK,1990,45943.887,Europe,10.48,5141024.0,Europe
379,Denmark,DNK,1995,50644.707,Europe,11.04,5233364.0,Europe
380,Denmark,DNK,2000,57585.9,Europe,11.5,5339659.0,Europe
381,Denmark,DNK,2005,60798.137,Europe,11.81,5419550.0,Europe
382,Denmark,DNK,2010,59856.348,Europe,11.97,5547865.0,Europe
383,Denmark,DNK,2015,62059.13,Europe,11.67,5683698.0,Europe
384,Denmark,DNK,2020,65379.305,Europe,11.69,5831529.0,Europe
385,Dominican Republic,DOM,1990,7327.7266,North America,6.13,7151165.0,North America
386,Dominican Republic,DOM,1995,8685.017,North America,6.58,7888120.0,North America
387,Dominican Republic,DOM,2000,10896.318,North America,7.03,8584196.0,North America
389,Dominican Republic,DOM,2005,12022.508,North America,7.54,9225035.0,North America
391,Dominican Republic,DOM,2010,14975.001,North America,8.12,9820180.0,North America
396,Dominican Republic,DOM,2015,17973.188,North America,8.48,10434826.0,North America
401,Dominican Republic,DOM,2020,19545.41,North America,9.04,11008298.0,North America
445,Ecuador,ECU,1990,9104.816,South America,7.23,10473674.0,South America
446,Ecuador,ECU,1995,9525.177,South America,7.32,11590519.0,South America
447,Ecuador,ECU,2000,9183.052,South America,7.41,12689215.0,South America
449,Ecuador,ECU,2005,10660.205,South America,7.7,13846162.0,South America
453,Ecuador,ECU,2010,11665.698,South America,8.02,15076697.0,South America
458,Ecuador,ECU,2015,13881.57,South America,8.54,16266229.0,South America
461,Ecuador,ECU,2020,12440.326,South America,9.07,17546058.0,South America
464,Egypt,EGY,1990,8006.6216,Africa,4.6,58396625.0,Africa
465,Egypt,EGY,1995,8423.578,Africa,5.36,65652621.0,Africa
467,Egypt,EGY,2000,9981.628,Africa,6.3,73083287.0,Africa
468,Egypt,EGY,2005,10700.609,Africa,6.93,81101012.0,Africa
470,Egypt,EGY,2010,13128.988,Africa,7.44,89196073.0,Africa
473,Egypt,EGY,2015,13425.912,Africa,7.53,99597334.0,Africa
475,Egypt,EGY,2020,15309.236,Africa,8.01,109315118.0,Africa
478,El Salvador,SLV,1990,5976.0176,North America,5.08,5399728.0,North America
480,El Salvador,SLV,1995,7057.9204,North America,5.8,5762135.0,North America
481,El Salvador,SLV,2000,7545.4478,North America,7.04,5943363.0,North America
482,El Salvador,SLV,2005,8050.5347,North America,8.08,6005583.0,North America
487,El Salvador,SLV,2010,8648.93,North America,8.06,6068253.0,North America
492,El Salvador,SLV,2015,9646.154,North America,7.67,6183675.0,North America
497,El Salvador,SLV,2020,9692.449,North America,8.1,6234679.0,North America
504,Estonia,EST,2015,36353.06,Europe,12.33,1314580.0,Europe
505,Estonia,EST,2020,40916.72,Europe,12.29,1329675.0,Europe
506,Eswatini,SWZ,1990,5447.739,Africa,5.28,872436.0,Africa
507,Eswatini,SWZ,1995,5693.822,Africa,5.2,970439.0,Africa
508,Eswatini,SWZ,2000,6106.0747,Africa,4.62,1041428.0,Africa
509,Eswatini,SWZ,2005,7142.1924,Africa,4.64,1079022.0,Africa
510,Eswatini,SWZ,2010,8245.642,Africa,5.33,1111651.0,Africa
511,Eswatini,SWZ,2015,9186.653,Africa,5.77,1142822.0,Africa
512,Eswatini,SWZ,2020,9695.825,Africa,6.46,1192734.0,Africa
551,Fiji,FJI,1990,7820.7173,Oceania,9.24,773325.0,Oceania
552,Fiji,FJI,1995,8600.093,Oceania,10.28,798750.0,Oceania
553,Fiji,FJI,2000,9070.993,Oceania,9.97,840913.0,Oceania
554,Fiji,FJI,2005,9745.581,Oceania,9.76,882384.0,Oceania
555,Fiji,FJI,2010,9784.304,Oceania,10.35,910427.0,Oceania
556,Fiji,FJI,2015,11674.063,Oceania,11.09,918585.0,Oceania
557,Fiji,FJI,2020,10812.035,Oceania,11.52,914971.0,Oceania
558,Finland,FIN,1990,38807.117,Europe,8.56,4986576.0,Europe
559,Finland,FIN,1995,37069.63,Europe,9.31,5107919.0,Europe
560,Finland,FIN,2000,46968.84,Europe,9.9,5176197.0,Europe
561,Finland,FIN,2005,52744.047,Europe,10.42,5246078.0,Europe
562,Finland,FIN,2010,54017.945,Europe,10.71,5363347.0,Europe
563,Finland,FIN,2015,52782.49,Europe,10.94,5479719.0,Europe
564,Finland,FIN,2020,55424.86,Europe,11.05,5529616.0,Europe
565,France,FRA,1990,38655.887,Europe,8.32,56990239.0,Europe
566,France,FRA,1995,40570.72,Europe,9.36,58192207.0,Europe
567,France,FRA,2000,45922.48,Europe,10.22,59483716.0,Europe
568,France,FRA,2005,48257.465,Europe,10.86,61625031.0,Europe
569,France,FRA,2010,49130.42,Europe,11.34,63417366.0,Europe
570,France,FRA,2015,50682.895,Europe,11.6,64916337.0,Europe
571,France,FRA,2020,49311.332,Europe,11.89,65905273.0,Europe
573,Gabon,GAB,2015,20147.71,Africa,9.53,2040990.0,Africa
574,Gabon,GAB,2020,18681.484,Africa,10.18,2322538.0,Africa
576,Gambia,GMB,1990,2653.783,Africa,1.85,1054703.0,Africa
577,Gambia,GMB,1995,2456.0007,Africa,2.33,1264320.0,Africa
578,Gambia,GMB,2000,2658.6177,Africa,2.77,1455095.0,Africa
579,Gambia,GMB,2005,2653.6423,Africa,3.39,1667035.0,Africa
580,Gambia,GMB,2010,2824.2126,Africa,3.92,1926634.0,Africa
581,Gambia,GMB,2015,2495.9575,Africa,4.42,2224530.0,Africa
583,Gambia,GMB,2020,2702.319,Africa,4.92,2515744.0,Africa
594,Germany,DEU,1990,42355.285,Europe,8.96,79707963.0,Europe
595,Germany,DEU,1995,45548.418,Europe,9.93,82019890.0,Europe
596,Germany,DEU,2000,49955.645,Europe,10.59,81797255.0,Europe
597,Germany,DEU,2005,51264.82,Europe,11.98,82046733.0,Europe
598,Germany,DEU,2010,54826.254,Europe,12.58,80830916.0,Europe
599,Germany,DEU,2015,59668.99,Europe,12.86,82077546.0,Europe
600,Germany,DEU,2020,60299.58,Europe,13.1,83628711.0,Europe
601,Ghana,GHA,1990,2785.6711,Africa,6.05,15394650.0,Africa
602,Ghana,GHA,1995,3039.6887,Africa,6.27,17399023.0,Africa
603,Ghana,GHA,2000,3327.352,Africa,6.67,19637085.0,Africa
604,Ghana,GHA,2005,3721.3079,Africa,7.28,22449446.0,Africa
605,Ghana,GHA,2010,4495.689,Africa,7.66,25475000.0,Africa
606,Ghana,GHA,2015,5607.366,Africa,7.72,28696071.0,Africa
608,Ghana,GHA,2020,6412.6855,Africa,8.39,31887802.0,Africa
610,Greece,GRC,1990,26916.312,Europe,9.34,10258494.0,Europe
612,Greece,GRC,1995,27646.148,Europe,9.54,10519233.0,Europe
613,Greece,GRC,2000,31386.64,Europe,9.9,10782638.0,Europe
615,Greece,GRC,2005,38146.965,Europe,10.95,10981340.0,Europe
617,Greece,GRC,2010,37566.75,Europe,11.36,11124666.0,Europe
618,Greece,GRC,2015,31347.977,Europe,11.6,10820902.0,Europe
619,Greece,GRC,2020,30487.113,Europe,11.86,10699370.0,Europe
620,Guatemala,GTM,1990,7594.732,North America,3.66,9024775.0,North America
622,Guatemala,GTM,1995,8195.35,North America,3.96,10312999.0,North America
623,Guatemala,GTM,2000,8770.408,North America,4.35,11697592.0,North America
625,Guatemala,GTM,2005,9099.728,North America,4.33,13087637.0,North America
626,Guatemala,GTM,2010,9825.022,North America,5.21,14500118.0,North America
630,Guatemala,GTM,2015,10785.958,North America,5.72,15971745.0,North America
632,Guatemala,GTM,2020,11097.15,North America,6.26,17357331.0,North America
643,Guyana,GUY,1990,5074.431,South America,7.27,749891.0,South America
644,Guyana,GUY,1995,7071.213,South America,7.92,758395.0,South America
645,Guyana,GUY,2000,8025.2935,South America,8.43,764836.0,South America
646,Guyana,GUY,2005,8256.525,South America,8.79,760922.0,South America
647,Guyana,GUY,2010,10374.395,South America,9.0,749259.0,South America
648,Guyana,GUY,2015,12040.083,South America,8.32,758783.0,South America
649,Guyana,GUY,2020,19234.13,South America,8.52,807486.0,South America
650,Haiti,HTI,1990,3923.222,North America,3.56,6854444.0,North America
651,Haiti,HTI,1995,3139.2642,North America,4.06,7562551.0,North America
652,Haiti,HTI,2000,3237.5308,North America,4.44,8303151.0,North America
654,Haiti,HTI,2005,3144.5635,North America,4.9,9061274.0,North America
655,Haiti,HTI,2010,3176.5095,North America,5.17,9803299.0,North America
657,Haiti,HTI,2015,3402.0283,North America,5.5,10523249.0,North America
659,Haiti,HTI,2020,3210.5361,North America,5.95,11243846.0,North America
661,Honduras,HND,1990,1172.0798,North America,5.07,4980493.0,North America
662,Honduras,HND,1995,2555.0261,North America,5.47,5739636.0,North America
663,Honduras,HND,2000,4579.6895,North America,5.87,6577781.0,North America
665,Honduras,HND,2005,5056.6753,North America,6.24,7478362.0,North America
667,Honduras,HND,2010,5396.0723,North America,6.6,8365881.0,North America
672,Honduras,HND,2015,5812.5347,North America,7.04,9237306.0,North America
676,Honduras,HND,2020,5603.264,North America,7.51,10119638.0,North America
679,Hong Kong,HKG,1990,31598.727,Asia,10.08,5560599.0,Asia
680,Hong Kong,HKG,1995,37905.65,Asia,10.21,6177105.0,Asia
681,Hong Kong,HKG,2000,39848.56,Asia,10.37,6704665.0,Asia
682,Hong Kong,HKG,2005,47938.85,Asia,12.17,6908483.0,Asia
683,Hong Kong,HKG,2010,56355.41,Asia,12.2,7101614.0,Asia
684,Hong Kong,HKG,2015,62779.754,Asia,12.32,7366411.0,Asia
685,Hong Kong,HKG,2020,61328.535,Asia,12.83,7490240.0,Asia
686,Hungary,HUN,1990,21297.0,Europe,9.48,10381280.0,Europe
687,Hungary,HUN,1995,18977.244,Europe,10.75,10322792.0,Europe
688,Hungary,HUN,2000,22117.92,Europe,11.57,10190598.0,Europe
689,Hungary,HUN,2005,27765.79,Europe,11.89,10065703.0,Europe
690,Hungary,HUN,2010,27801.834,Europe,11.98,9979128.0,Europe
691,Hungary,HUN,2015,31485.568,Europe,11.83,9839211.0,Europe
692,Hungary,HUN,2020,36119.52,Europe,11.96,9749459.0,Europe
693,Iceland,ISL,1990,43099.58,Europe,9.23,254842.0,Europe
694,Iceland,ISL,1995,41604.24,Europe,9.7,267516.0,Europe
695,Iceland,ISL,2000,50227.84,Europe,10.17,281293.0,Europe
696,Iceland,ISL,2005,58549.137,Europe,10.83,296852.0,Europe
697,Iceland,ISL,2010,57225.1,Europe,11.52,318163.0,Europe
698,Iceland,ISL,2015,61820.363,Europe,12.95,330962.0,Europe
699,Iceland,ISL,2020,60617.145,Europe,13.53,366626.0,Europe
700,India,IND,1990,2139.8274,Asia,3.56,864972221.0,Asia
702,India,IND,1995,2469.3516,Asia,4.3,960301046.0,Asia
703,India,IND,2000,3010.4216,Asia,5.3,1057922731.0,Asia
705,India,IND,2005,3770.3965,Asia,5.94,1154676321.0,Asia
707,India,IND,2010,4913.8765,Asia,6.59,1243481565.0,Asia
710,India,IND,2015,6301.6733,Asia,7.31,1328024494.0,Asia
713,India,IND,2020,7186.8643,Asia,7.8,1402617694.0,Asia
717,Indonesia,IDN,1990,4873.0537,Asia,4.44,183501097.0,Asia
718,Indonesia,IDN,1995,6312.9346,Asia,4.89,199888055.0,Asia
719,Indonesia,IDN,2000,6056.382,Asia,5.41,216077789.0,Asia
721,Indonesia,IDN,2005,7140.8545,Asia,6.68,230871648.0,Asia
725,Indonesia,IDN,2010,8848.225,Asia,8.02,246305327.0,Asia
728,Indonesia,IDN,2015,10893.662,Asia,8.5,261799249.0,Asia
731,Indonesia,IDN,2020,12388.545,Asia,9.06,274814861.0,Asia
732,Iran,IRN,1990,9656.001,Asia,5.49,58380098.0,Asia
734,Iran,IRN,1995,10465.026,Asia,6.69,62205571.0,Asia
736,Iran,IRN,2000,11643.122,Asia,7.66,66418661.0,Asia
738,Iran,IRN,2005,13935.774,Asia,8.49,71828455.0,Asia
742,Iran,IRN,2010,15729.913,Asia,9.15,77420851.0,Asia
747,Iran,IRN,2015,14841.905,Asia,9.37,82619365.0,Asia
752,Iran,IRN,2020,15381.585,Asia,9.8,87723448.0,Asia
756,Iraq,IRQ,1990,10735.094,Asia,4.9,17581208.0,Asia
757,Iraq,IRQ,1995,5969.6694,Asia,5.44,20825859.0,Asia
758,Iraq,IRQ,2000,12702.164,Asia,6.23,24424060.0,Asia
759,Iraq,IRQ,2005,10078.443,Asia,6.6,28407450.0,Asia
760,Iraq,IRQ,2010,11816.841,Asia,7.43,31045367.0,Asia
763,Iraq,IRQ,2015,13516.027,Asia,7.76,37560535.0,Asia
766,Iraq,IRQ,2020,12827.635,Asia,8.27,42116602.0,Asia
768,Ireland,IRL,1990,29504.877,Europe,10.64,3514015.0,Europe
769,Ireland,IRL,1995,36032.777,Europe,10.8,3610695.0,Europe
770,Ireland,IRL,2000,53582.832,Europe,11.03,3802589.0,Europe
771,Ireland,IRL,2005,63579.715,Europe,11.8,4155283.0,Europe
772,Ireland,IRL,2010,59107.42,Europe,12.45,4559084.0,Europe
773,Ireland,IRL,2015,80815.64,Europe,13.57,4702497.0,Europe
774,Ireland,IRL,2020,101793.445,Europe,13.74,4982602.0,Europe
775,Israel,ISR,2015,40889.598,Asia,12.04,8052916.0,Asia
776,Israel,ISR,2020,42926.543,Asia,12.04,8800380.0,Asia
777,Italy,ITA,1990,42656.746,Europe,8.32,57031457.0,Europe
778,Italy,ITA,1995,45410.14,Europe,9.04,57403342.0,Europe
779,Italy,ITA,2000,50353.42,Europe,9.73,57272200.0,Europe
781,Italy,ITA,2005,51585.645,Europe,10.2,58519696.0,Europe
782,Italy,ITA,2010,49301.695,Europe,10.71,60164212.0,Europe
784,Italy,ITA,2015,47311.824,Europe,11.11,60575314.0,Europe
786,Italy,ITA,2020,45505.07,Europe,11.51,59912763.0,Europe
787,Jamaica,JAM,1990,8879.653,North America,7.48,2379880.0,North America
788,Jamaica,JAM,1995,10257.807,North America,8.55,2500152.0,North America
790,Jamaica,JAM,2000,9667.925,North America,9.59,2607827.0,North America
791,Jamaica,JAM,2005,10278.684,North America,10.09,2687070.0,North America
792,Jamaica,JAM,2010,9805.901,North America,10.33,2748573.0,North America
793,Jamaica,JAM,2015,9931.898,North America,9.81,2802536.0,North America
794,Jamaica,JAM,2020,9891.97,North America,10.1,2830745.0,North America
795,Japan,JPN,1990,36137.844,Asia,10.71,123399767.0,Asia
796,Japan,JPN,1995,38137.934,Asia,11.26,125672659.0,Asia
797,Japan,JPN,2000,39731.797,Asia,11.77,127027794.0,Asia
798,Japan,JPN,2005,41740.35,Asia,12.12,127913331.0,Asia
799,Japan,JPN,2010,41647.047,Asia,12.44,128185273.0,Asia
800,Japan,JPN,2015,44589.305,Asia,12.6,127275868.0,Asia
801,Japan,JPN,2020,44212.55,Asia,12.83,126304533.0,Asia
802,Jordan,JOR,1990,8241.805,Asia,7.02,3621915.0,Asia
803,Jordan,JOR,1995,8501.619,Asia,7.89,4752097.0,Asia
804,Jordan,JOR,2000,8781.609,Asia,8.72,5386945.0,Asia
806,Jordan,JOR,2005,10684.942,Asia,9.42,6029597.0,Asia
808,Jordan,JOR,2010,11942.572,Asia,9.92,7297046.0,Asia
811,Jordan,JOR,2015,10469.631,Asia,10.5,9544730.0,Asia
813,Jordan,JOR,2020,9872.31,Asia,10.81,10865232.0,Asia
817,Kazakhstan,KAZ,2015,30893.76,Asia,11.69,18084175.0,Asia
818,Kazakhstan,KAZ,2020,32011.549,Asia,11.79,19482116.0,Asia
819,Kenya,KEN,1990,4177.486,Africa,5.05,22892655.0,Africa
820,Kenya,KEN,1995,3890.0986,Africa,5.5,26601753.0,Africa
821,Kenya,KEN,2000,3756.6362,Africa,5.91,30642893.0,Africa
822,Kenya,KEN,2005,3844.7356,Africa,6.48,35796485.0,Africa
823,Kenya,KEN,2010,4211.5244,Africa,6.47,41598570.0,Africa
824,Kenya,KEN,2015,4679.622,Africa,6.28,47088528.0,Africa
825,Kenya,KEN,2020,5057.4014,Africa,6.73,52217327.0,Africa
828,Kuwait,KWT,1990,38932.945,Asia,5.92,1684833.0,Asia
829,Kuwait,KWT,1995,64093.52,Asia,6.15,1681518.0,Asia
830,Kuwait,KWT,2000,60585.3,Asia,6.12,1954713.0,Asia
831,Kuwait,KWT,2005,78193.9,Asia,6.14,2236797.0,Asia
835,Kuwait,KWT,2010,62956.215,Asia,6.39,2943374.0,Asia
838,Kuwait,KWT,2015,57763.516,Asia,6.49,3834465.0,Asia
841,Kuwait,KWT,2020,49372.82,Asia,6.62,4400146.0,Asia
844,Kyrgyzstan,KGZ,2015,5600.2144,Asia,11.05,6001876.0,Asia
845,Kyrgyzstan,KGZ,2020,5537.7954,Asia,11.18,6664143.0,Asia
850,Laos,LAO,2015,6703.741,Asia,5.47,6801647.0,Asia
852,Laos,LAO,2020,7995.595,Asia,6.05,7346534.0,Asia
890,Latvia,LVA,2015,30599.613,Europe,11.79,1977874.0,Europe
891,Latvia,LVA,2020,34225.9,Europe,11.96,1901119.0,Europe
896,Lesotho,LSO,1990,1422.1505,Africa,5.25,1809698.0,Africa
897,Lesotho,LSO,1995,1709.6943,Africa,5.8,1951441.0,Africa
898,Lesotho,LSO,2000,1932.158,Africa,6.37,2003919.0,Africa
899,Lesotho,LSO,2005,2275.016,Africa,7.21,1953080.0,Africa
901,Lesotho,LSO,2010,2651.378,Africa,6.08,1996256.0,Africa
902,Lesotho,LSO,2015,2986.9587,Africa,6.44,2104614.0,Africa
906,Lesotho,LSO,2020,2517.1104,Africa,6.88,2235727.0,Africa
907,Liberia,LBR,1990,1866.4055,Africa,3.08,2223667.0,Africa
908,Liberia,LBR,1995,534.8097,Africa,3.17,2169167.0,Africa
909,Liberia,LBR,2000,1868.1798,Africa,3.6,2928117.0,Africa
910,Liberia,LBR,2005,1335.6173,Africa,3.96,3301016.0,Africa
911,Liberia,LBR,2010,1538.8508,Africa,4.35,4058897.0,Africa
912,Liberia,LBR,2015,1714.0905,Africa,5.06,4659436.0,Africa
913,Liberia,LBR,2020,1497.377,Africa,5.8,5149470.0,Africa
914,Libya,LBY,1990,18126.588,Africa,5.42,4445243.0,Africa
915,Libya,LBY,1995,17723.268,Africa,6.13,4906851.0,Africa
916,Libya,LBY,2000,17747.02,Africa,7.04,5305020.0,Africa
917,Libya,LBY,2005,20649.463,Africa,7.79,5858793.0,Africa
918,Libya,LBY,2010,21115.525,Africa,8.43,6497837.0,Africa
919,Libya,LBY,2015,12195.349,Africa,9.05,6531825.0,Africa
920,Libya,LBY,2020,9978.664,Africa,9.57,7045403.0,Africa
923,Lithuania,LTU,2015,35264.715,Europe,12.44,2905771.0,Europe
924,Lithuania,LTU,2020,43108.2,Europe,12.5,2795766.0,Europe
993,Luxembourg,LUX,1990,81455.03,Europe,9.24,381707.0,Europe
994,Luxembourg,LUX,1995,92396.4,Europe,9.57,408237.0,Europe
995,Luxembourg,LUX,2000,114148.35,Europe,9.92,436142.0,Europe
996,Luxembourg,LUX,2005,124871.95,Europe,10.59,465369.0,Europe
997,Luxembourg,LUX,2010,131434.36,Europe,11.33,507418.0,Europe
998,Luxembourg,LUX,2015,130097.336,Europe,11.41,569540.0,Europe
999,Luxembourg,LUX,2020,129865.63,Europe,11.53,630597.0,Europe
1003,Macao,MAC,2015,123194.07,Asia,10.56,622185.0,Asia
1005,Macao,MAC,2020,59662.484,Asia,10.97,683069.0,Asia
1010,Malawi,MWI,1990,1047.4644,Africa,3.14,9545860.0,Africa
1011,Malawi,MWI,1995,1140.7561,Africa,3.3,10150122.0,Africa
1013,Malawi,MWI,2000,1239.3917,Africa,3.73,11315947.0,Africa
1014,Malawi,MWI,2005,1214.7427,Africa,4.67,12840034.0,Africa
1015,Malawi,MWI,2010,1504.3751,Africa,5.01,14826466.0,Africa
1016,Malawi,MWI,2015,1597.6914,Africa,4.86,17085587.0,Africa
1019,Malawi,MWI,2020,1656.4398,Africa,5.41,19533885.0,Africa
1020,Malaysia,MYS,1990,12013.697,Asia,8.01,17833179.0,Asia
1022,Malaysia,MYS,1995,16568.516,Asia,8.66,20330602.0,Asia
1023,Malaysia,MYS,2000,18532.91,Asia,9.49,22967817.0,Asia
1024,Malaysia,MYS,2005,20767.586,Asia,10.16,25836075.0,Asia
1025,Malaysia,MYS,2010,23307.97,Asia,10.89,28655772.0,Asia
1026,Malaysia,MYS,2015,27699.627,Asia,11.49,31232796.0,Asia
1031,Malaysia,MYS,2020,29200.453,Asia,11.96,33889554.0,Asia
1038,Maldives,MDV,2015,18829.447,Asia,7.57,428165.0,Asia
1042,Maldives,MDV,2020,14242.975,Asia,8.06,502127.0,Asia
1043,Mali,MLI,1990,1890.5021,Africa,0.95,9178826.0,Africa
1044,Mali,MLI,1995,2022.4038,Africa,1.07,10185368.0,Africa
1046,Mali,MLI,2000,2187.719,Africa,1.3,11559291.0,Africa
1048,Mali,MLI,2005,2546.3328,Africa,1.81,13538648.0,Africa
1050,Mali,MLI,2010,2632.2646,Africa,2.14,15945201.0,Africa
1052,Mali,MLI,2015,2686.5605,Africa,2.78,18593022.0,Africa
1054,Mali,MLI,2020,2796.4104,Africa,3.55,21713837.0,Africa
1055,Malta,MLT,1990,18208.105,Europe,9.19,367913.0,Europe
1056,Malta,MLT,1995,22311.793,Europe,10.06,384559.0,Europe
1057,Malta,MLT,2000,31068.078,Europe,10.43,399905.0,Europe
1058,Malta,MLT,2005,32776.97,Europe,10.6,413324.0,Europe
1059,Malta,MLT,2010,37528.734,Europe,11.06,422654.0,Europe
1061,Malta,MLT,2015,46171.89,Europe,11.53,444978.0,Europe
1062,Malta,MLT,2020,50389.695,Europe,12.09,518212.0,Europe
1068,Mauritania,MRT,2015,5969.5425,Africa,5.1,3965959.0,Africa
1069,Mauritania,MRT,2020,5963.2354,Africa,5.55,4600136.0,Africa
1070,Mauritius,MUS,1990,8986.033,Africa,6.85,1089033.0,Africa
1071,Mauritius,MUS,1995,10760.058,Africa,7.07,1159824.0,Africa
1072,Mauritius,MUS,2000,13373.656,Africa,7.07,1216632.0,Africa
1073,Mauritius,MUS,2005,15264.599,Africa,8.16,1257215.0,Africa
1074,Mauritius,MUS,2010,18925.572,Africa,9.44,1282710.0,Africa
1079,Mauritius,MUS,2015,22499.025,Africa,9.9,1292283.0,Africa
1081,Mauritius,MUS,2020,22272.54,Africa,10.4,1283231.0,Africa
1084,Mexico,MEX,1990,17169.592,North America,6.68,82820170.0,North America
1085,Mexico,MEX,1995,17028.121,North America,7.37,90862449.0,North America
1086,Mexico,MEX,2000,20470.494,North America,7.96,98625553.0,North America
1089,Mexico,MEX,2005,20277.256,North America,8.9,105811504.0,North America
1094,Mexico,MEX,2010,20058.385,North America,9.18,113623898.0,North America
1099,Mexico,MEX,2015,21408.928,North America,9.65,121072310.0,North America
1104,Mexico,MEX,2020,19728.482,North America,10.18,126799053.0,North America
1110,Moldova,MDA,2015,11691.08,Europe,10.8,3287168.0,Europe
1111,Moldova,MDA,2020,13559.26,Europe,10.84,3069135.0,Europe
1114,Mongolia,MNG,2015,13974.597,Asia,9.77,2976528.0,Asia
1117,Mongolia,MNG,2020,14801.342,Asia,10.0,3290786.0,Asia
1124,Morocco,MAR,1990,4418.66,Africa,3.05,24375558.0,Africa
1126,Morocco,MAR,1995,4444.2285,Africa,3.64,26399431.0,Africa
1127,Morocco,MAR,2000,5100.1157,Africa,4.09,28423439.0,Africa
1129,Morocco,MAR,2005,6103.4224,Africa,4.63,30358145.0,Africa
1132,Morocco,MAR,2010,7210.6367,Africa,5.27,32467009.0,Africa
1136,Morocco,MAR,2015,8198.809,Africa,6.15,34607590.0,Africa
1137,Morocco,MAR,2020,8054.563,Africa,6.83,36584208.0,Africa
1138,Mozambique,MOZ,1990,547.6228,Africa,1.06,13094535.0,Africa
1139,Mozambique,MOZ,1995,525.4187,Africa,0.98,15960530.0,Africa
1141,Mozambique,MOZ,2000,711.9764,Africa,1.13,18129652.0,Africa
1143,Mozambique,MOZ,2005,970.38995,Africa,1.34,20304577.0,Africa
1145,Mozambique,MOZ,2010,1224.2302,Africa,2.03,22999234.0,Africa
1146,Mozambique,MOZ,2015,1512.5997,Africa,3.31,26547576.0,Africa
1148,Mozambique,MOZ,2020,1466.1248,Africa,4.22,30783685.0,Africa
1150,Myanmar,MMR,1990,775.32825,Asia,2.99,39817253.0,Asia
1151,Myanmar,MMR,1995,962.2094,Asia,3.4,42605343.0,Asia
1152,Myanmar,MMR,2000,1359.9304,Asia,3.89,45290850.0,Asia
1153,Myanmar,MMR,2005,2377.9026,Asia,4.45,47438362.0,Asia
1154,Myanmar,MMR,2010,3893.7903,Asia,5.11,49024376.0,Asia
1156,Myanmar,MMR,2015,5313.886,Asia,5.9,51089060.0,Asia
1160,Myanmar,MMR,2020,5926.8345,Asia,6.48,53016525.0,Asia
1164,Namibia,NAM,2015,12166.565,Africa,6.64,2374305.0,Africa
1167,Namibia,NAM,2020,9652.248,Africa,6.88,2728760.0,Africa
1171,Nepal,NPL,1990,1808.2649,Asia,2.58,19524579.0,Asia
1173,Nepal,NPL,1995,2043.6052,Asia,2.76,22245443.0,Asia
1174,Nepal,NPL,2000,2340.8157,Asia,3.13,24546509.0,Asia
1176,Nepal,NPL,2005,2580.231,Asia,3.74,26309462.0,Asia
1178,Nepal,NPL,2010,3085.314,Asia,4.44,27341955.0,Asia
1180,Nepal,NPL,2015,3745.2617,Asia,5.44,27823631.0,Asia
1184,Nepal,NPL,2020,4412.542,Asia,6.19,28966580.0,Asia
1185,Netherlands,NLD,1990,43128.31,Europe,10.59,15030886.0,Europe
1186,Netherlands,NLD,1995,46720.28,Europe,10.88,15565034.0,Europe
1187,Netherlands,NLD,2000,56016.832,Europe,11.14,16058757.0,Europe
1188,Netherlands,NLD,2005,58422.03,Europe,11.15,16465707.0,Europe
1189,Netherlands,NLD,2010,61518.58,Europe,11.71,16771232.0,Europe
1190,Netherlands,NLD,2015,63081.41,Europe,11.74,17107429.0,Europe
1191,Netherlands,NLD,2020,64862.188,Europe,11.82,17636732.0,Europe
1192,New Zealand,NZL,1990,30785.701,Oceania,11.69,3396981.0,Oceania
1193,New Zealand,NZL,1995,32687.465,Oceania,11.81,3674434.0,Oceania
1194,New Zealand,NZL,2000,35984.63,Oceania,11.98,3857576.0,Oceania
1195,New Zealand,NZL,2005,40970.297,Oceania,12.0,4135002.0,Oceania
1196,New Zealand,NZL,2010,41395.37,Oceania,11.12,4347766.0,Oceania
1197,New Zealand,NZL,2015,45097.016,Oceania,10.91,4614035.0,Oceania
1198,New Zealand,NZL,2020,46326.38,Oceania,10.81,5069895.0,Oceania
1199,Nicaragua,NIC,1990,4217.6084,North America,4.64,4162566.0,North America
1200,Nicaragua,NIC,1995,4130.2856,North America,5.19,4642933.0,North America
1201,Nicaragua,NIC,2000,4878.2476,North America,5.7,5022636.0,North America
1203,Nicaragua,NIC,2005,5356.958,North America,6.28,5342108.0,North America
1204,Nicaragua,NIC,2010,5701.1274,North America,6.82,5737451.0,North America
1207,Nicaragua,NIC,2015,6939.032,North America,7.25,6149417.0,North America
1208,Nicaragua,NIC,2020,6523.3696,North America,7.76,6565267.0,North America
1209,Niger,NER,1990,1420.2306,Africa,1.08,8286066.0,Africa
1210,Niger,NER,1995,1287.9364,Africa,1.28,9714537.0,Africa
1211,Niger,NER,2000,1197.6348,Africa,1.43,11509634.0,Africa
1213,Niger,NER,2005,1241.2007,Africa,1.62,13756192.0,Africa
1214,Niger,NER,2010,1344.4989,Africa,1.95,16548833.0,Africa
1217,Niger,NER,2015,1480.3982,Africa,2.44,19939496.0,Africa
1219,Niger,NER,2020,1622.2787,Africa,3.04,23717615.0,Africa
1240,Norway,NOR,1990,56608.254,Europe,10.79,4241440.0,Europe
1241,Norway,NOR,1995,66033.88,Europe,11.31,4358991.0,Europe
1242,Norway,NOR,2000,76775.945,Europe,11.56,4490864.0,Europe
1243,Norway,NOR,2005,83955.336,Europe,11.91,4623120.0,Europe
1244,Norway,NOR,2010,84604.516,Europe,11.65,4889160.0,Europe
1245,Norway,NOR,2015,87688.12,Europe,12.11,5189777.0,Europe
1246,Norway,NOR,2020,89012.27,Europe,12.08,5379275.0,Europe
1255,Pakistan,PAK,1990,3199.7297,Asia,3.05,116155584.0,Asia
1256,Pakistan,PAK,1995,3462.4734,Asia,3.52,134582255.0,Asia
1258,Pakistan,PAK,2000,3531.713,Asia,4.04,154879124.0,Asia
1259,Pakistan,PAK,2005,4042.1545,Asia,5.05,175453212.0,Asia
1264,Pakistan,PAK,2010,4228.7817,Asia,5.22,199239048.0,Asia
1269,Pakistan,PAK,2015,4645.286,Asia,5.89,217290884.0,Asia
1273,Pakistan,PAK,2020,5135.0146,Asia,6.41,235001745.0,Asia
1297,Panama,PAN,1990,10263.692,North America,8.08,2455588.0,North America
1298,Panama,PAN,1995,12086.648,North America,8.71,2724555.0,North America
1299,Panama,PAN,2000,14572.98,North America,9.24,3010376.0,North America
1300,Panama,PAN,2005,16867.967,North America,9.51,3313024.0,North America
1301,Panama,PAN,2010,22739.12,North America,9.72,3628537.0,North America
1302,Panama,PAN,2015,29933.168,North America,10.06,3960034.0,North America
1305,Panama,PAN,2020,26881.828,North America,10.44,4293258.0,North America
1310,Papua New Guinea,PNG,2015,4155.0557,Oceania,4.61,8743247.0,Oceania
1312,Papua New Guinea,PNG,2020,4078.1538,Oceania,4.84,9815743.0,Oceania
1314,Paraguay,PRY,1990,9961.222,South America,6.43,4035752.0,South America
1316,Paraguay,PRY,1995,10906.895,South America,6.4,4579803.0,South America
1317,Paraguay,PRY,2000,9997.33,South America,6.55,5100875.0,South America
1318,Paraguay,PRY,2005,10288.801,South America,8.03,5448100.0,South America
1322,Paraguay,PRY,2010,12736.968,South America,7.99,5737973.0,South America
1326,Paraguay,PRY,2015,14425.777,South America,8.4,6159106.0,South America
1330,Paraguay,PRY,2020,14989.767,South America,8.83,6603741.0,South America
1331,Peru,PER,1990,6316.227,South America,7.39,22014772.0,South America
1333,Peru,PER,1995,7371.048,South America,8.09,24348922.0,South America
1334,Peru,PER,2000,7668.0605,South America,9.05,26598328.0,South America
1336,Peru,PER,2005,8948.747,South America,9.88,28101175.0,South America
1339,Peru,PER,2010,12057.392,South America,9.28,29086021.0,South America
1342,Peru,PER,2015,14540.831,South America,9.61,30457598.0,South America
1346,Peru,PER,2020,13607.764,South America,9.96,32838577.0,South America
1347,Philippines,PHL,1990,4504.4624,Asia,7.15,62854668.0,Asia
1349,Philippines,PHL,1995,4477.323,Asia,7.59,70546245.0,Asia
1350,Philippines,PHL,2000,4740.439,Asia,7.96,79625401.0,Asia
1352,Philippines,PHL,2005,5386.8164,Asia,8.27,88015959.0,Asia
1354,Philippines,PHL,2010,6273.039,Asia,8.65,96337127.0,Asia
1356,Philippines,PHL,2015,7691.763,Asia,9.14,105312988.0,Asia
1358,Philippines,PHL,2020,8455.185,Asia,9.44,112081270.0,Asia
1359,Poland,POL,1990,12821.464,Europe,9.75,38055448.0,Europe
1360,Poland,POL,1995,14227.566,Europe,10.32,38364668.0,Europe
1361,Poland,POL,2000,18566.355,Europe,10.74,38258077.0,Europe
1362,Poland,POL,2005,21568.947,Europe,11.36,38124377.0,Europe
1363,Poland,POL,2010,27112.133,Europe,11.62,38095356.0,Europe
1364,Poland,POL,2015,31700.37,Europe,11.84,38266314.0,Europe
1365,Poland,POL,2020,37852.8,Europe,12.01,38171005.0,Europe
1366,Portugal,PRT,1990,27190.572,Europe,6.73,9989526.0,Europe
1368,Portugal,PRT,1995,29460.814,Europe,7.49,10031756.0,Europe
1369,Portugal,PRT,2000,35069.83,Europe,8.41,10283196.0,Europe
1370,Portugal,PRT,2005,35870.31,Europe,8.12,10502993.0,Europe
1371,Portugal,PRT,2010,36703.113,Europe,8.71,10578659.0,Europe
1373,Portugal,PRT,2015,35803.36,Europe,9.14,10370264.0,Europe
1374,Portugal,PRT,2020,36852.23,Europe,9.56,10370519.0,Europe
1388,Qatar,QAT,2015,123070.89,Asia,8.46,2427340.0,Asia
1391,Qatar,QAT,2020,103061.914,Asia,8.52,2803375.0,Asia
1394,Romania,ROU,1990,16316.845,Europe,9.84,22939530.0,Europe
1396,Romania,ROU,1995,14863.186,Europe,10.37,22657722.0,Europe
1397,Romania,ROU,2000,14853.606,Europe,10.7,22046264.0,Europe
1399,Romania,ROU,2005,20570.926,Europe,10.89,21213395.0,Europe
1400,Romania,ROU,2010,24902.904,Europe,11.24,20432575.0,Europe
1402,Romania,ROU,2015,29181.879,Europe,11.07,19871018.0,Europe
1403,Romania,ROU,2020,35283.605,Europe,11.28,19392467.0,Europe
1405,Russia,RUS,1990,29643.596,Europe,10.21,148979537.0,Europe
1406,Russia,RUS,1995,18363.713,Europe,10.73,148291406.0,Europe
1407,Russia,RUS,2000,20104.75,Europe,11.54,146717784.0,Europe
1409,Russia,RUS,2005,27656.658,Europe,11.76,144597886.0,Europe
1410,Russia,RUS,2010,33063.586,Europe,12.02,143934468.0,Europe
1411,Russia,RUS,2015,35037.152,Europe,11.56,145307612.0,Europe
1412,Russia,RUS,2020,36376.336,Europe,11.6,146371295.0,Europe
1418,Rwanda,RWA,2015,2313.0972,Africa,4.62,11640026.0,Africa
1420,Rwanda,RWA,2020,2617.707,Africa,5.24,13065838.0,Africa
1436,Saudi Arabia,SAU,2015,58498.54,Asia,9.34,29974944.0,Asia
1438,Saudi Arabia,SAU,2020,57420.734,Asia,9.86,30991206.0,Asia
1439,Senegal,SEN,1990,2923.3442,Africa,2.37,7720524.0,Africa
1440,Senegal,SEN,1995,2835.0327,Africa,2.26,8848112.0,Africa
1441,Senegal,SEN,2000,3093.2878,Africa,1.98,9968262.0,Africa
1443,Senegal,SEN,2005,3301.8208,Africa,1.67,11235473.0,Africa
1446,Senegal,SEN,2010,3403.5671,Africa,3.11,12635418.0,Africa
1449,Senegal,SEN,2015,3593.7947,Africa,3.73,14593335.0,Africa
1454,Senegal,SEN,2020,4018.0413,Africa,4.4,16789217.0,Africa
1456,Serbia,SRB,1995,9444.752,Europe,8.88,7823281.0,Europe
1457,Serbia,SRB,2000,11105.949,Europe,9.52,7694608.0,Europe
1459,Serbia,SRB,2005,15077.559,Europe,10.6,7539139.0,Europe
1460,Serbia,SRB,2010,17841.432,Europe,11.52,7395872.0,Europe
1462,Serbia,SRB,2015,18247.809,Europe,11.49,7177257.0,Europe
1465,Serbia,SRB,2020,21479.078,Europe,11.72,6907814.0,Europe
1470,Sierra Leone,SLE,1990,2703.599,Africa,2.17,4196834.0,Africa
1471,Sierra Leone,SLE,1995,2058.077,Africa,2.55,4179178.0,Africa
1472,Sierra Leone,SLE,2000,1981.5061,Africa,2.9,4423615.0,Africa
1474,Sierra Leone,SLE,2005,2296.6577,Africa,3.36,5501707.0,Africa
1475,Sierra Leone,SLE,2010,2459.768,Africa,4.28,6222715.0,Africa
1477,Sierra Leone,SLE,2015,2628.1707,Africa,4.23,7037660.0,Africa
1481,Sierra Leone,SLE,2020,2752.6262,Africa,4.99,7912557.0,Africa
1489,Singapore,SGP,2015,109894.04,Asia,12.54,5525343.0,Asia
1494,Singapore,SGP,2020,116684.21,Asia,13.06,5620151.0,Asia
1496,Slovakia,SVK,2015,33507.793,Europe,13.03,5420278.0,Europe
1497,Slovakia,SVK,2020,36201.49,Europe,13.14,5455028.0,Europe
1499,Slovenia,SVN,2015,38534.645,Europe,11.95,2059946.0,Europe
1500,Slovenia,SVN,2020,42471.523,Europe,12.06,2102421.0,Europe
1504,South Africa,ZAF,1990,10811.151,Africa,6.89,40746274.0,Africa
1505,South Africa,ZAF,1995,10318.839,Africa,8.37,44541557.0,Africa
1507,South Africa,ZAF,2000,11183.825,Africa,7.92,47159715.0,Africa
1508,South Africa,ZAF,2005,12861.563,Africa,8.86,49490041.0,Africa
1511,South Africa,ZAF,2010,14164.996,Africa,9.89,52344047.0,Africa
1515,South Africa,ZAF,2015,14541.675,Africa,10.15,56723536.0,Africa
1518,South Africa,ZAF,2020,13250.566,Africa,10.47,60562374.0,Africa
1554,South Korea,KOR,1990,14377.884,Asia,10.46,44081425.0,Asia
1555,South Korea,KOR,1995,20697.896,Asia,11.17,45368425.0,Asia
1556,South Korea,KOR,2000,26404.158,Asia,11.8,46766660.0,Asia
1557,South Korea,KOR,2005,32886.047,Asia,12.27,47851646.0,Asia
1559,South Korea,KOR,2010,39574.05,Asia,12.96,48769329.0,Asia
1560,South Korea,KOR,2015,44849.105,Asia,13.33,50983909.0,Asia
1561,South Korea,KOR,2020,49374.094,Asia,13.68,51858481.0,Asia
1562,Spain,ESP,1990,31773.227,Europe,7.51,39084975.0,Europe
1564,Spain,ESP,1995,33501.73,Europe,8.72,40052733.0,Europe
1565,Spain,ESP,2000,39945.9,Europe,9.65,41019772.0,Europe
1567,Spain,ESP,2005,43570.766,Europe,10.64,43958883.0,Europe
1572,Spain,ESP,2010,42695.527,Europe,10.75,46840469.0,Europe
1577,Spain,ESP,2015,43053.76,Europe,11.24,46683683.0,Europe
1580,Spain,ESP,2020,41553.45,Europe,11.51,47679482.0,Europe
1582,Sri Lanka,LKA,1990,4561.579,Asia,8.9,16352460.0,Asia
1583,Sri Lanka,LKA,1995,5523.312,Asia,9.83,17564065.0,Asia
1584,Sri Lanka,LKA,2000,6428.6133,Asia,10.77,19293056.0,Asia
1586,Sri Lanka,LKA,2005,7452.742,Asia,10.83,20216531.0,Asia
1589,Sri Lanka,LKA,2010,9832.187,Asia,10.67,20879092.0,Asia
1591,Sri Lanka,LKA,2015,13329.779,Asia,10.09,21729975.0,Asia
1596,Sri Lanka,LKA,2020,13886.651,Asia,10.33,22561808.0,Asia
1634,Sudan,SDN,1990,2460.1887,Africa,2.4,22021484.0,Africa
1635,Sudan,SDN,1995,2824.632,Africa,2.78,24672144.0,Africa
1636,Sudan,SDN,2000,3575.852,Africa,3.09,27816748.0,Africa
1637,Sudan,SDN,2005,4152.3228,Africa,3.31,31262447.0,Africa
1639,Sudan,SDN,2010,4219.837,Africa,3.49,35414403.0,Africa
1640,Sudan,SDN,2015,4159.1943,Africa,3.85,40024433.0,Africa
1641,Sudan,SDN,2020,3401.2498,Africa,4.38,46789237.0,Africa
1646,Sweden,SWE,1990,40199.707,Europe,11.03,8558571.0,Europe
1647,Sweden,SWE,1995,40385.215,Europe,11.41,8826298.0,Europe
1648,Sweden,SWE,2000,47868.508,Europe,11.72,8872099.0,Europe
1649,Sweden,SWE,2005,53198.67,Europe,11.86,9029771.0,Europe
1650,Sweden,SWE,2010,55520.434,Europe,11.95,9378234.0,Europe
1651,Sweden,SWE,2015,58955.64,Europe,11.89,9799483.0,Europe
1652,Sweden,SWE,2020,59458.28,Europe,11.93,10353682.0,Europe
1653,Switzerland,CHE,1990,63921.42,Europe,10.54,6713168.0,Europe
1654,Switzerland,CHE,1995,63169.28,Europe,10.41,7040481.0,Europe
1655,Switzerland,CHE,2000,68834.82,Europe,10.14,7184003.0,Europe
1656,Switzerland,CHE,2005,71414.35,Europe,10.82,7431824.0,Europe
1657,Switzerland,CHE,2010,76308.805,Europe,12.92,7825750.0,Europe
1658,Switzerland,CHE,2015,78325.75,Europe,12.95,8283940.0,Europe
1659,Switzerland,CHE,2020,79270.875,Europe,12.97,8640582.0,Europe
1660,Syria,SYR,1990,5952.3584,Asia,4.68,12579212.0,Asia
1661,Syria,SYR,1995,7589.397,Asia,4.77,14616804.0,Asia
1662,Syria,SYR,2000,7973.9814,Asia,4.79,16637884.0,Asia
1665,Syria,SYR,2005,9016.721,Asia,6.12,18814092.0,Asia
1666,Syria,SYR,2010,9749.574,Asia,7.07,22482417.0,Asia
1667,Syria,SYR,2015,5414.839,Asia,7.44,19424615.0,Asia
1668,Syria,SYR,2020,4810.611,Asia,7.92,21049431.0,Asia
1674,Tajikistan,TJK,2015,3041.4448,Asia,10.16,8643839.0,Asia
1675,Tajikistan,TJK,2020,3724.749,Asia,10.12,9749312.0,Asia
1679,Tanzania,TZA,2015,3111.4446,Africa,6.41,52020958.0,Africa
1680,Tanzania,TZA,2020,3449.8215,Africa,6.87,60972803.0,Africa
1682,Thailand,THA,1990,8702.899,Asia,5.21,54738329.0,Asia
1683,Thailand,THA,1995,11955.219,Asia,5.79,59098231.0,Asia
1684,Thailand,THA,2000,11623.787,Asia,6.09,63007815.0,Asia
1685,Thailand,THA,2005,14459.825,Asia,7.46,66017415.0,Asia
1686,Thailand,THA,2010,16732.188,Asia,8.47,68579443.0,Asia
1688,Thailand,THA,2015,18814.041,Asia,8.71,70540787.0,Asia
1692,Thailand,THA,2020,19950.285,Asia,9.32,71641484.0,Asia
1694,Togo,TGO,1990,2409.1482,Africa,4.3,3714023.0,Africa
1695,Togo,TGO,1995,2185.1956,Africa,4.62,4110452.0,Africa
1696,Togo,TGO,2000,2321.9504,Africa,5.05,4783721.0,Africa
1697,Togo,TGO,2005,2164.016,Africa,5.44,5413151.0,Africa
1700,Togo,TGO,2010,2181.5989,Africa,6.09,6325791.0,Africa
1702,Togo,TGO,2015,2588.2727,Africa,6.85,7071500.0,Africa
1705,Togo,TGO,2020,2861.2979,Africa,7.68,7788058.0,Africa
1710,Tonga,TON,2015,6195.433,Oceania,11.22,106110.0,Oceania
1713,Tonga,TON,2020,6981.304,Oceania,11.42,105721.0,Oceania
1715,Trinidad and Tobago,TTO,1990,11869.528,North America,8.71,1252215.0,North America
1716,Trinidad and Tobago,TTO,1995,13912.313,North America,9.22,1295167.0,North America
1717,Trinidad and Tobago,TTO,2000,19637.555,North America,9.72,1319781.0,North America
1718,Trinidad and Tobago,TTO,2005,29536.44,North America,10.27,1352040.0,North America
1719,Trinidad and Tobago,TTO,2010,35145.125,North America,10.96,1386657.0,North America
1720,Trinidad and Tobago,TTO,2015,38963.965,North America,11.0,1429190.0,North America
1721,Trinidad and Tobago,TTO,2020,30720.887,North America,11.28,1481026.0,North America
1722,Tunisia,TUN,1990,6742.5845,Africa,4.68,8324509.0,Africa
1723,Tunisia,TUN,1995,7406.239,Africa,5.48,9161263.0,Africa
1724,Tunisia,TUN,2000,9134.415,Africa,6.32,9764940.0,Africa
1726,Tunisia,TUN,2005,10529.16,Africa,7.21,10255474.0,Africa
1729,Tunisia,TUN,2010,12458.271,Africa,8.0,10765984.0,Africa
1733,Tunisia,TUN,2015,12802.792,Africa,8.63,11402270.0,Africa
1736,Tunisia,TUN,2020,11955.599,Africa,9.29,11974058.0,Africa
1739,Turkey,TUR,1990,12184.199,Asia,5.22,56015627.0,Asia
1740,Turkey,TUR,1995,13099.258,Asia,5.88,61024501.0,Asia
1741,Turkey,TUR,2000,14856.915,Asia,6.37,65425957.0,Asia
1743,Turkey,TUR,2005,17902.596,Asia,6.86,69329557.0,Asia
1747,Turkey,TUR,2010,19897.447,Asia,7.44,73346766.0,Asia
1752,Turkey,TUR,2015,25984.803,Asia,8.13,80014222.0,Asia
1756,Turkey,TUR,2020,28976.719,Asia,8.49,86091691.0,Asia
1761,Uganda,UGA,1990,1080.0383,Africa,3.71,17569895.0,Africa
1763,Uganda,UGA,1995,1288.5089,Africa,4.17,20665673.0,Africa
1764,Uganda,UGA,2000,1487.005,Africa,4.56,24000158.0,Africa
1766,Uganda,UGA,2005,1765.0378,Africa,5.11,27963287.0,Africa
1768,Uganda,UGA,2010,2244.606,Africa,5.87,32390801.0,Africa
1771,Uganda,UGA,2015,2520.02,Africa,6.27,37531444.0,Africa
1773,Uganda,UGA,2020,2678.009,Africa,6.69,44457148.0,Africa
1777,Ukraine,UKR,2015,15403.71,Europe,10.81,45784904.0,Europe
1778,Ukraine,UKR,2020,17092.54,Europe,10.82,44680008.0,Europe
1780,United Arab Emirates,ARE,2015,75238.555,Asia,9.35,8674633.0,Asia
1782,United Arab Emirates,ARE,2020,66808.62,Asia,9.57,9448529.0,Asia
1786,United Kingdom,GBR,1990,33530.957,Europe,9.28,57367867.0,Europe
1787,United Kingdom,GBR,1995,37200.38,Europe,9.67,58154632.0,Europe
1788,United Kingdom,GBR,2000,43818.348,Europe,9.97,59057333.0,Europe
1789,United Kingdom,GBR,2005,48304.676,Europe,11.57,60596107.0,Europe
1790,United Kingdom,GBR,2010,47682.652,Europe,12.46,63006482.0,Europe
1791,United Kingdom,GBR,2015,50462.832,Europe,12.67,65382107.0,Europe
1792,United Kingdom,GBR,2020,47930.55,Europe,12.9,67351860.0,Europe
1793,United States,USA,1990,44384.21,North America,12.55,253373387.0,North America
1794,United States,USA,1995,47227.008,North America,12.83,268205796.0,North America
1795,United States,USA,2000,55045.676,North America,13.1,281484126.0,North America
1796,United States,USA,2005,59612.39,North America,13.01,295716666.0,North America
1797,United States,USA,2010,59797.074,North America,13.24,311062785.0,North America
1798,United States,USA,2015,64367.72,North America,13.29,326126496.0,North America
1799,United States,USA,2020,67406.83,North America,13.32,339436156.0,North America
1834,Uruguay,URY,1990,14060.84,South America,7.71,3104404.0,South America
1835,Uruguay,URY,1995,16600.033,South America,8.08,3189438.0,South America
1837,Uruguay,URY,2000,18752.05,South America,8.36,3266212.0,South America
1838,Uruguay,URY,2005,18811.312,South America,8.5,3285776.0,South America
1843,Uruguay,URY,2010,24879.826,South America,8.61,3318581.0,South America
1848,Uruguay,URY,2015,28941.62,South America,8.65,3368022.0,South America
1853,Uruguay,URY,2020,27788.176,South America,8.76,3398966.0,South America
1872,Vietnam,VNM,2015,9248.024,Asia,7.99,92823254.0,Asia
1874,Vietnam,VNM,2020,11851.396,Asia,8.35,98079196.0,Asia
1876,Zambia,ZMB,1990,2425.1113,Africa,5.02,7786163.0,Africa
1877,Zambia,ZMB,1995,2119.9565,Africa,6.03,8785768.0,Africa
1879,Zambia,ZMB,2000,2220.5654,Africa,6.35,10017633.0,Africa
1881,Zambia,ZMB,2005,2564.4756,Africa,6.59,11718819.0,Africa
1882,Zambia,ZMB,2010,3266.5076,Africa,7.4,13965592.0,Africa
1883,Zambia,ZMB,2015,3576.9255,Africa,7.9,16399092.0,Africa
1885,Zambia,ZMB,2020,3391.5955,Africa,8.37,19059394.0,Africa
1888,Zimbabwe,ZWE,1990,6082.8687,Africa,5.97,10137287.0,Africa
1890,Zimbabwe,ZWE,1995,5964.615,Africa,6.85,10974607.0,Africa
1891,Zimbabwe,ZWE,2000,6170.361,Africa,7.26,11892055.0,Africa
1892,Zimbabwe,ZWE,2005,4004.682,Africa,7.65,12483433.0,Africa
1893,Zimbabwe,ZWE,2010,3885.4106,Africa,7.86,13356551.0,Africa
1894,Zimbabwe,ZWE,2015,5102.7363,Africa,8.03,14399008.0,Africa
1896,Zimbabwe,ZWE,2020,4527.7393,Africa,8.32,15526887.0,Africa
